X;Y;Thickness;Thickness_1
637320;6885305;7;7
637170;6885444;7;7
637258;6885437;7;7
656293;6900519;10,5;10,5
656818;6901434;7,6;7,6
656423;6900427;5;5
657579;6899817;8;8
657777;6900036;9,8;9,8
656284;6899448;5,5;5,5
655715;6900609;9;9
655485;6900745;9,6;9,6
654835;6901381;8,35;8,35
654195;6899556;7,7;7,7
655210;6899684;2,5;2,5
655475;6900746;11;11
654740;6900152;8,6;8,6
655794;6900653;8;8
655695;6900744;8;8
655675;6900774;7,9;7,9
655525;6900765;10,8;10,8
655475;6900706;8;8
654344;6899495;6,4;6,4
654708;6899972;9,5;9,5
656336;6899663;5;5
656212;6900299;8;8
656003;6900451;7;7
654998;6899909;6;6
654767;6899821;7,7;7,7
654777;6899831;7,5;7,5
654937;6899810;1,2;1,2
655211;6901428;1,8;1,8
655517;6900995;2,6;2,6
655497;6900985;2,5;2,5
655367;6900976;4,2;4,2
655616;6900874;2,6;2,6
655471;6900856;5,5;5,5
653971;6897967;10,8;10,8
654385;6898384;6,5;6,5
655988;6899184;1,4;1,4
655173;6899288;2,8;2,8
654217;6897495;4,5;4,5
652502;6895709;1,7;1,7
653667;6894373;5,6;5,6
653118;6894043;8;8
655040;6895290;1,8;1,8
653099;6895384;7,6;7,6
652337;6893654;3,8;3,8
650125;6894939;7,2;7,2
648197;6895245;8,5;8,5
647497;6894136;10;10
647336;6894022;10;10
644443;6892566;11,25;11,25
645810;6892094;11,4;11,4
646147;6892992;11,9;11,9
645796;6892775;10,9;10,9
645913;6893094;11,9;11,9
645949;6893133;9,4;9,4
645894;6893174;11,75;11,75
645669;6893196;12;12
646097;6893512;10,8;10,8
645750;6892735;6,3;6,3
645665;6892756;10,15;10,15
645876;6892874;8;8
645937;6892953;10,8;10,8
645902;6892959;11,9;11,9
645997;6892983;11,5;11,5
645917;6892994;12,05;12,05
645908;6893034;11,8;11,8
645962;6893528;9,6;9,6
646022;6893493;9,3;9,3
645961;6893473;9,6;9,6
645921;6893394;8,5;8,5
646036;6893393;8,75;8,75
645900;6893334;8,7;8,7
645920;6893284;8,1;8,1
645960;6893283;8,3;8,3
645658;6893096;1,6;1,6
645778;6893095;11,4;11,4
645863;6893094;11,72;11,72
645888;6893124;10,3;10,3
645818;6893124;11,4;11,4
645779;6893145;11,4;11,4
645779;6893155;11,5;11,5
645819;6893144;10,5;10,5
645914;6893144;10,3;10,3
645859;6893164;11,3;11,3
645869;6893174;11;11
645839;6893174;11,95;11,95
645884;6893204;9,4;9,4
645839;6893204;10,95;10,95
645869;6893224;9,9;9,9
645454;6892547;1;1
642505;6890464;9;9
642302;6890088;11;11
642492;6890021;3;3
642300;6889863;11,25;11,25
642310;6889823;11;11
642410;6889762;1,6;1,6
641120;6886222;13;13
641019;6886148;10;10
639964;6885532;12;12
639889;6885492;12;12
635925;6884515;11;11
635445;6884499;11,9;11,9
635262;6884160;12,5;12,5
635279;6883840;12,5;12,5
635344;6883219;8,12;8,12
634134;6883239;13;13
634384;6882655;6,5;6,5
633409;6880776;10,2;10,2
633131;6880517;13;13
632903;6880729;3;3
632794;6880780;4,2;4,2
632532;6880632;7,8;7,8
632580;6880342;6,7;6,7
632529;6880232;13,2;13,2
632270;6880344;12,5;12,5
631841;6880528;9;9
632024;6880816;10;10
631633;6880760;6;6
631836;6881048;9,5;9,5
631587;6881230;10,5;10,5
631577;6881250;9,5;9,5
631476;6881161;11;11
631476;6881151;11;11
631208;6881353;13,2;13,2
631341;6881692;6;6
631161;6881714;13,3;13,3
631080;6881634;9,6;9,6
631874;6881431;3,5;3,5
630754;6882087;11;11
630840;6882767;12;12
630607;6882443;10,9;10,9
630469;6882750;4,5;4,5
630286;6882281;8,4;8,4
629715;6882176;12,2;12,2
629524;6882137;12,2;12,2
629450;6881678;15,4;15,4
630424;6882050;9,3;9,3
630702;6881901;10,2;10,2
630652;6881848;9,6;9,6
630380;6881630;11,2;11,2
631029;6881425;12;12
630956;6881095;3,6;3,6
630326;6881140;11;11
630159;6881482;11,4;11,4
629685;6881179;10,2;10,2
629883;6880804;11,2;11,2
630322;6880590;10;10
630844;6880856;3,6;3,6
630581;6880917;5;5
630712;6880597;5,5;5,5
630799;6880306;3;3
630927;6880015;11;11
631065;6879804;10,6;10,6
631095;6879774;11,8;11,8
630974;6879655;12,7;12,7
631464;6879601;13,34;13,34
631425;6879148;2,5;2,5
632153;6878325;13,62;13,62
631964;6877227;12,8;12,8
631774;6877208;14,4;14,4
631933;6877117;13,7;13,7
631890;6877085;13,8;13,8
631913;6877067;15,5;15,5
631863;6877117;15,5;15,5
632093;6878316;5,78;5,78
632043;6878306;14,14;14,14
631987;6881257;3,6;3,6
633252;6880526;15;15
633373;6880735;12;12
633919;6881411;7,2;7,2
633845;6881532;7;7
633944;6882011;12,2;12,2
634165;6882149;8;8
634366;6882287;5,5;5,5
634197;6882349;7,5;7,5
634007;6882450;8,9;8,9
634198;6882559;7;7
634409;6882637;9,2;9,2
634270;6882768;8,65;8,65
634575;6883336;9,4;9,4
635784;6884386;10;10
639616;6885734;6,8;6,8
639905;6885602;11,44;11,44
639855;6885662;9,86;9,86
639895;6885712;12;12
639936;6885742;15;15
639990;6885701;10,1;10,1
640045;6885671;8,35;8,35
640105;6885700;7,8;7,8
639996;6885751;10;10
640026;6885771;8,8;8,8
639967;6885872;5,25;5,25
639937;6885902;12;12
641130;6886217;13,5;13,5
641125;6886222;14,6;14,6
641170;6886222;14,6;14,6
641130;6886242;9,26;9,26
641120;6886247;9,6;9,6
641663;6887798;7;7
641623;6887808;9;9
641603;6887808;8;8
658486;6901880;8,7;8,7
658372;6902672;13;13
658995;6902937;9,3;9,3
660114;6905138;9;9
659149;6905856;13;13
659419;6905824;13;13
660114;6905138;9;9
661479;6906867;11,9;11,9
661081;6907190;13,8;13,8
660624;6907504;13,5;13,5
661649;6906905;14,75;14,75
661683;6907335;7,1;7,1
661955;6907043;9,55;9,55
662002;6907213;13,6;13,6
662262;6907160;8;8
662231;6907101;11,7;11,7
662948;6907845;7,1;7,1
663411;6908221;11,7;11,7
663534;6908530;5;5
663474;6908561;8;8
661072;6909661;8,5;8,5
662382;6909560;5,4;5,4
664281;6909374;5,45;5,45
664306;6909934;8;8
669343;6911742;7;7
671049;6912347;5,7;5,7
673205;6912959;5,99;5,99
672306;6915448;4,5;4,5
671853;6915142;4,5;4,5
674394;6913289;8;8
677025;6911842;4;4
679772;6912312;13;13
679784;6912492;9,48;9,48
680136;6912689;9;9
680450;6912056;2,5;2,5
681462;6913358;6,45;6,45
682378;6916252;9,6;9,6
682639;6916369;8,6;8,6
682340;6916572;2;2
682300;6916592;5,1;5,1
682481;6916681;6;6
682761;6916628;9;9
682893;6916807;7,6;7,6
682844;6916968;7,8;7,8
682014;6916995;5,6;5,6
682126;6917204;3,25;3,25
682606;6917220;6,1;6,1
682247;6917383;11;11
682790;6917709;5,9;5,9
685231;6922311;7;7
689942;6926701;7,05;7,05
691361;6930000;5,2;5,2
691794;6930267;10,5;10,5
692384;6930212;4,5;4,5
692486;6930431;5,8;5,8
694894;6933531;4,3;4,3
695522;6934336;10,1;10,1
696951;6937596;3,7;3,7
701365;6941169;11,2;11,2
705138;6942282;8,75;8,75
716842;6945285;7,4;7,4
716711;6946327;6,6;6,6
719459;6948033;6,4;6,4
719788;6947930;6,6;6,6
720543;6948464;9;9
720415;6948685;6,2;6,2
721289;6949068;6,4;6,4
721560;6949115;6,6;6,6
721831;6949183;6,7;6,7
722102;6949280;6,3;6,3
722332;6949318;7;7
722443;6949378;6,6;6,6
722592;6949326;6,4;6,4
723616;6949607;6,8;6,8
723966;6949644;7;7
724147;6949722;9,4;9,4
724397;6949690;7,6;7,6
724668;6949768;8;8
725018;6949745;7,8;7,8
725168;6949763;8,2;8,2
725479;6949790;7,8;7,8
725659;6949829;7,6;7,6
726020;6949866;8,2;8,2
726180;6949854;5,6;5,6
726300;6949863;6,2;6,2
726400;6949882;6,4;6,4
726541;6951032;12;12
724247;6949732;8,2;8,2
724347;6949741;2,4;2,4
722953;6950454;6,85;6,85
724466;6950730;11,13;11,13
725075;6950525;8,5;8,5
724965;6950516;10;10
724007;6949734;7,35;7,35
723585;6949587;2,2;2,2
723285;6949211;6,2;6,2
723162;6949129;6,2;6,2
723082;6949141;5,6;5,6
722952;6949129;6;6
722828;6949118;5,6;5,6
722771;6949012;7,6;7,6
722902;6949023;6,3;6,3
723017;6949034;7,3;7,3
723169;6949049;5,7;5,7
723294;6949062;6,7;6,7
723420;6949074;8,2;8,2
723571;6949088;6,7;6,7
723821;6949115;7,8;7,8
723588;6948937;8,7;8,7
723482;6948937;7,5;7,5
723309;6948913;8;8
723216;6948857;6,4;6,4
723109;6948889;7,2;7,2
722966;6948926;6,8;6,8
722845;6948917;6,7;6,7
722974;6948826;7,4;7,4
723119;6948768;7,4;7,4
723317;6948762;8;8
723443;6948821;8;8
723604;6948785;6,8;6,8
724085;6948402;7;7
723542;6947627;8,25;8,25
723513;6947046;2,2;2,2
722754;6949445;3,2;3,2
722432;6949348;2,4;2,4
721737;6948578;8;8
721648;6951176;12,43;12,43
721609;6951206;3,9;3,9
721658;6951176;3,2;3,2
721588;6951121;2,8;2,8
721728;6951145;3,2;3,2
721709;6951205;4,4;4,4
721593;6951677;3,81;3,81
721127;6952161;3,9;3,9
721592;6948304;9,5;9,5
721711;6948401;8,7;8,7
721607;6948501;9,3;9,3
721625;6948633;8;8
721714;6948793;6,7;6,7
721779;6948922;5,8;5,8
721560;6949155;7,6;7,6
721535;6949150;7,6;7,6
721647;6948992;6,8;6,8
721574;6948922;8,7;8,7
721503;6948849;7;7
721498;6948729;6,3;6,3
721558;6948668;7,2;7,2
721412;6948788;7,4;7,4
721333;6948724;6;6
721267;6948742;7,2;7,2
721266;6948708;7,4;7,4
721253;6948825;7,8;7,8
721373;6949537;6,5;6,5
721003;6949521;7,25;7,25
721253;6949458;6,3;6,3
720962;6949371;8,24;8,24
720750;6949193;5,15;5,15
720750;6949193;7;7
720649;6949113;5,16;5,16
720568;6949044;8,6;8,6
720369;6949106;11;11
720309;6949126;8;8
720377;6948866;9,8;9,8
720236;6948777;5,13;5,13
720256;6948797;5,15;5,15
720256;6948797;7,2;7,2
720253;6948794;5,4;5,4
720723;6948412;7,6;7,6
720533;6948494;9;9
720054;6948608;5,15;5,15
720054;6948608;8,4;8,4
719711;6948321;5,08;5,08
719711;6948321;6,8;6,8
719789;6948229;7,1;7,1
719903;6948103;6;6
719754;6948047;7,2;7,2
719349;6948054;6,5;6,5
718439;6947032;6;6
718404;6947037;4,1;4,1
718268;6946923;4,2;4,2
718122;6946829;4,2;4,2
717582;6946344;5,2;5,2
717174;6945997;5,3;5,3
715606;6944802;2,8;2,8
715581;6944858;1,1;1,1
716862;6945215;8,2;8,2
716841;6945175;5,5;5,5
716140;6945061;8,5;8,5
716273;6944914;9;9
716260;6944967;9;9
717688;6944757;12,5;12,5
716626;6945717;7,4;7,4
716595;6945677;8,2;8,2
716389;6945017;9;9
716365;6945036;9;9
716967;6945834;6;6
716484;6945518;7;7
715648;6944871;0,4;0,4
715518;6944786;1,9;1,9
716893;6946515;14,3;14,3
716458;6944848;10,78;10,78
714655;6944674;7,65;7,65
712505;6942897;4;4
712498;6942922;6,2;6,2
712307;6942784;6,8;6,8
712940;6942223;8;8
711985;6943772;5;5
709332;6942490;4,3;4,3
708929;6942123;7,3;7,3
708989;6942143;7;7
705846;6942050;6;6
705145;6941977;6,3;6,3
703796;6941058;6,9;6,9
702508;6939098;5,1;5,1
701532;6941151;5,5;5,5
700989;6940422;5,5;5,5
700423;6940976;4;4
700224;6941076;4;4
700063;6941002;4;4
699831;6941893;5,6;5,6
699845;6941868;4,5;4,5
699693;6940989;4;4
700059;6940000;5,1;5,1
700044;6940030;4,6;4,6
700034;6940010;4,6;4,6
700269;6939388;1,4;1,4
700071;6939640;2,5;2,5
697654;6940181;1,7;1,7
697631;6939629;1,8;1,8
697784;6939587;4,6;4,6
697953;6939561;2,5;2,5
698229;6939506;6;6
698288;6939459;5,3;5,3
698050;6939403;4,3;4,3
697866;6939447;2;2
697688;6939451;5;5
697961;6939299;2,2;2,2
697874;6939177;2;2
697716;6939180;5;5
697785;6939053;2,1;2,1
697713;6938930;5;5
697642;6938821;5;5
697651;6938600;8,12;8,12
697972;6938919;8,2;8,2
697397;6938074;11;11
697241;6937588;10,5;10,5
697449;6937371;4,75;4,75
697556;6935880;6;6
697150;6937484;6,8;6,8
697118;6937184;3;3
697154;6937240;10,5;10,5
697078;6937185;3,5;3,5
696998;6937195;4,5;4,5
697402;6935971;10,4;10,4
696950;6935227;8,4;8,4
696654;6934630;7,1;7,1
696471;6934225;7,2;7,2
696150;6934095;7,3;7,3
695944;6933392;5;5
696368;6932768;6;6
695698;6933925;7,2;7,2
695701;6933924;12,9;12,9
695508;6933966;7,7;7,7
695529;6933976;7,7;7,7
695468;6933912;5,2;5,2
695502;6934317;3,55;3,55
695532;6934356;8,45;8,45
695552;6934376;5,1;5,1
695602;6934320;7;7
695380;6934128;7,5;7,5
695340;6934128;7,7;7,7
695330;6934128;7,7;7,7
695301;6934248;7,7;7,7
695372;6934358;7,7;7,7
695068;6933764;4,6;4,6
695124;6934030;8,8;8,8
695124;6934030;7,8;7,8
695502;6934417;7,7;7,7
694701;6934294;8,8;8,8
694731;6934273;8,6;8,6
694731;6934323;7,9;7,9
694781;6934263;8,3;8,3
694700;6934224;9,1;9,1
694661;6934264;8,7;8,7
694171;6933536;7,1;7,1
694580;6933640;5,7;5,7
694831;6933702;8,1;8,1
694983;6933341;3;3
694914;6933451;6;6
694894;6933451;6;6
694944;6933531;3,5;3,5
694934;6933531;6;6
694813;6933332;4;4
695380;6931826;1,2;1,2
693442;6933344;8,9;8,9
693387;6933385;10;10
693442;6933384;11,2;11,2
693348;6932807;7;7
692885;6932549;7,5;7,5
693046;6932377;6,1;6,1
692943;6932393;9;9
692897;6932214;9,1;9,1
692850;6932103;4;4
693310;6932024;6,6;6,6
692711;6931835;7,5;7,5
692605;6931626;8,75;8,75
692865;6931438;4,1;4,1
692954;6931327;5;5
692494;6931400;10,5;10,5
692321;6931083;7,2;7,2
692357;6931159;11,2;11,2
692231;6931158;4;4
692138;6930948;5,7;5,7
693339;6929623;4;4
691592;6929955;5;5
691789;6930892;3;3
691822;6930711;5;5
691579;6930725;3;3
691567;6930609;8,15;8,15
691291;6930145;5,4;5,4
691090;6929850;10;10
691165;6930462;8,05;8,05
691616;6928757;8;8
690640;6928946;5,5;5,5
690949;6928653;6,5;6,5
690613;6928626;8,3;8,3
690514;6928408;4,3;4,3
691099;6928047;4,6;4,6
691517;6927793;4,8;4,8
691191;6927616;4;4
690915;6927548;4,4;4,4
690290;6928233;10,5;10,5
690107;6928400;5,6;5,6
690423;6927988;4,9;4,9
690389;6927882;10;10
691231;6927344;8;8
691058;6927302;3,6;3,6
690636;6927115;4,8;4,8
690396;6927499;6;6
690225;6926994;6,1;6,1
690236;6927000;5,2;5,2
690237;6927010;6,5;6,5
690124;6926899;8,1;8,1
690074;6926950;5,3;5,3
690178;6926748;5,5;5,5
690015;6926578;7,5;7,5
690261;6926628;1,5;1,5
689910;6926497;9,1;9,1
689711;6926361;11;11
689473;6926370;8,2;8,2
689699;6925848;4,5;4,5
689174;6926152;9;9
688779;6926401;3,1;3,1
688838;6926360;6;6
688629;6926432;4,1;4,1
688699;6926412;4,2;4,2
688489;6926463;4,1;4,1
688359;6926505;6;6
688862;6925670;5,5;5,5
688873;6925700;6,5;6,5
688853;6925690;6,9;6,9
689471;6925474;5,6;5,6
689818;6925692;4,6;4,6
688896;6925454;8,2;8,2
688813;6925780;5,5;5,5
688833;6925790;5,45;5,45
688553;6925763;6;6
688603;6925702;5,85;5,85
688694;6925891;5,7;5,7
688315;6925655;7,2;7,2
688319;6925659;7,2;7,2
688251;6925515;6;6
688089;6925321;2,9;2,9
687959;6925317;7,7;7,7
687622;6925651;9,5;9,5
687373;6925793;7,48;7,48
687310;6925503;7,6;7,6
687310;6925473;8,1;8,1
686892;6924636;5,85;5,85
687142;6924574;8,8;8,8
686347;6924081;8,5;8,5
686167;6924032;8,5;8,5
686023;6923623;10;10
685952;6923544;8;8
685372;6923589;9,2;9,2
685786;6923956;7;7
685955;6923879;11,1;11,1
685499;6923128;8,2;8,2
685409;6923159;8;8
685197;6923010;6,7;6,7
685147;6922961;8;8
684996;6922892;5,9;5,9
685100;6923281;5,8;5,8
685249;6923210;8,5;8,5
684941;6922322;7,2;7,2
685204;6922590;5,8;5,8
685231;6922310;7,5;7,5
685391;6922238;5,75;5,75
685342;6922369;6;6
685384;6922599;6,6;6,6
684980;6922132;14,6;14,6
685039;6922041;6,05;6,05
685122;6922341;6,2;6,2
685180;6922170;7;7
684709;6922114;5,5;5,5
684719;6922104;8,5;8,5
684589;6922065;8,3;8,3
684540;6922166;7,1;7,1
684460;6922256;8,9;8,9
684708;6921914;10,4;10,4
685088;6921931;6;6
685115;6921550;6,4;6,4
685040;6921524;3,6;3,6
685195;6921461;3,2;3,2
685406;6922888;6,8;6,8
685336;6922869;7,4;7,4
685356;6922839;7,2;7,2
685166;6922881;9,2;9,2
684785;6921663;4;4
684504;6921556;7,5;7,5
684654;6921524;4;4
684771;6921173;5,5;5,5
684287;6920677;6,5;6,5
684785;6920503;4,8;4,8
684644;6920344;2,75;2,75
684674;6920384;3,7;3,7
683905;6919920;7,5;7,5
683908;6919740;7,5;7,5
683668;6919722;8,7;8,7
684286;6919396;3,5;3,5
684014;6919279;4;4
683913;6919060;4;4
683233;6919176;8,5;8,5
683536;6918353;4;4
683266;6918395;5,2;5,2
682828;6918569;9;9
683232;6918022;6,2;6,2
683223;6918034;6,4;6,4
683236;6918035;6;6
683234;6918029;6;6
683244;6918024;7;7
683143;6917976;5;5
682353;6918043;3,91;3,91
681920;6917766;9,4;9,4
682720;6917679;8;8
682840;6917728;7;7
682841;6917778;5;5
682891;6917758;1,6;1,6
682951;6917807;8,05;8,05
682991;6917872;6,6;6,6
683290;6917664;6;6
683409;6917573;3,1;3,1
683347;6917264;3,7;3,7
681739;6917563;5,5;5,5
681818;6917497;7,7;7,7
681957;6917326;8,8;8,8
681974;6917055;4;4
682667;6917300;7,2;7,2
682687;6917369;1,5;1,5
682378;6917492;7;7
682099;6917595;6,8;6,8
682762;6916718;8,8;8,8
682721;6916659;10,1;10,1
683519;6916342;2,2;2,2
682983;6915696;0,9;0,9
681491;6916669;3,6;3,6
681264;6916609;7,8;7,8
681358;6916360;2,9;2,9
681625;6916263;5;5
681956;6916155;3,2;3,2
682035;6915679;5,4;5,4
681480;6915439;9,7;9,7
681825;6915928;7,5;7,5
681285;6916021;6,3;6,3
681067;6916243;5,7;5,7
680655;6916046;13,4;13,4
681231;6915541;5,7;5,7
680741;6915535;2,8;2,8
682153;6914583;2,15;2,15
681126;6914992;10;10
680495;6914877;5,2;5,2
680192;6914540;5;5
680178;6914090;5,4;5,4
681265;6913680;6,4;6,4
681164;6913591;7,5;7,5
681363;6913414;6;6
681322;6913339;7;7
681060;6913142;3,5;3,5
681524;6912422;8,3;8,3
680418;6912967;5;5
680323;6913558;8,2;8,2
679784;6912492;9,28;9,28
679494;6912495;7,62;7,62
679483;6912455;6,75;6,75
678204;6912596;8,7;8,7
677254;6912574;13,5;13,5
677076;6912836;4,5;4,5
677129;6912095;3,15;3,15
677059;6912086;6,3;6,3
677241;6913455;5,8;5,8
677251;6913475;5,8;5,8
677263;6913655;7,8;7,8
677063;6913646;5,8;5,8
676763;6913709;6;6
675712;6912427;2,1;2,1
675752;6913668;6,55;6,55
675776;6914128;4;4
674825;6913986;7,8;7,8
674254;6912710;9;9
673525;6914067;9,3;9,3
673338;6913228;4,8;4,8
673322;6912528;3,1;3,1
673721;6912385;5,9;5,9
672607;6913214;2,7;2,7
672407;6912036;6,25;6,25
671865;6911880;4,5;4,5
671945;6911880;8,45;8,45
671350;6912425;3,9;3,9
671293;6911585;8,7;8,7
670977;6912068;5,65;5,65
670976;6912018;5,8;5,8
671006;6912028;7,1;7,1
670822;6912750;2;2
670933;6911628;8,5;8,5
670523;6911647;5,8;5,8
670464;6911732;9,5;9,5
670320;6911283;6,4;6,4
669865;6911887;13;13
669703;6911659;11;11
669362;6911652;9;9
669293;6911702;6,5;6,5
669293;6911742;7,5;7,5
669243;6911763;11;11
669143;6911753;9,3;9,3
669133;6911744;10,3;10,3
669103;6911694;12;12
669123;6911764;9,5;9,5
669164;6911783;9,3;9,3
669154;6911783;8,5;8,5
669104;6911794;10,2;10,2
669214;6911823;11;11
669194;6911793;9;9
669174;6911833;7;7
669187;6911852;2,5;2,5
669143;6911663;11,7;11,7
669026;6912045;6,5;6,5
667804;6912048;8,1;8,1
667164;6911920;6;6
667023;6911822;7,5;7,5
667043;6911801;6,6;6,6
664865;6911015;3,8;3,8
663953;6909657;1,6;1,6
663947;6909467;6;6
664061;6909316;8,3;8,3
663968;6909026;8,5;8,5
664128;6909035;8,5;8,5
664300;6909264;9,5;9,5
669743;6912849;6,8;6,8
669173;6912894;4,4;4,4
669242;6912753;5,4;5,4
669132;6912734;5,6;5,6
669311;6912632;6,6;6,6
669451;6912591;5,2;5,2
669479;6912431;5,8;5,8
669460;6912481;5,6;5,6
669359;6912422;6,2;6,2
669350;6912492;5,2;5,2
669250;6912483;5,8;5,8
669268;6912343;5,4;5,4
668787;6912257;6,6;6,6
668948;6912345;4,7;4,7
668689;6912438;4,7;4,7
668430;6912580;5;5
668292;6912791;4,6;4,6
667525;6912563;5,6;5,6
669689;6911259;6;6
668795;6910796;6;6
668787;6910986;3,8;3,8
668798;6911206;6;6
667869;6911456;7,9;7,9
667806;6911116;6;6
667587;6911096;9;9
667187;6911130;6;6
667216;6910960;4,1;4,1
666107;6909999;4,2;4,2
666037;6909999;5,2;5,2
665967;6909990;4,2;4,2
665947;6910050;10;10
665817;6910011;4,2;4,2
665707;6910032;4,2;4,2
665497;6910014;4,2;4,2
665337;6909975;4,2;4,2
665236;6909896;4,2;4,2
665125;6909807;4,2;4,2
665034;6909678;4,2;4,2
664943;6909578;4,2;4,2
664563;6909552;5,4;5,4
664872;6909469;4,2;4,2
664811;6909329;4,2;4,2
664720;6909210;4,2;4,2
664619;6909101;5,2;5,2
664478;6909022;4,2;4,2
664348;6908963;4,2;4,2
664267;6908934;5;5
663576;6909613;7,55;7,55
663416;6909767;6,7;6,7
663775;6909074;7,3;7,3
662943;6909213;9,48;9,48
662934;6908837;4,55;4,55
662718;6908947;3,7;3,7
662543;6909102;3;3
662496;6909063;3;3
662543;6909102;4,8;4,8
662496;6909063;5;5
662406;6909098;1,8;1,8
662444;6909033;3;3
662418;6909035;3,5;3,5
662444;6909033;5,2;5,2
662418;6909035;2,6;2,6
662366;6909116;1,7;1,7
662461;6909134;2,5;2,5
662316;6909143;1,2;1,2
662449;6909208;2,4;2,4
662376;6909275;1,8;1,8
663390;6908131;9;9
663330;6908152;9,32;9,32
663259;6908002;11,5;11,5
662640;6908197;6,6;6,6
662947;6907745;7,1;7,1
662468;6907859;5,45;5,45
661740;6908145;5,5;5,5
662301;6907150;11,5;11,5
662281;6907150;9,5;9,5
662302;6907160;11,5;11,5
662352;6907190;9,9;9,9
662562;6907233;9,5;9,5
662503;6907348;13;13
662601;6907417;8,5;8,5
662563;6907396;7,2;7,2
662579;6907363;6,41;6,41
662619;6907385;4,4;4,4
662602;6907401;6,85;6,85
661183;6907400;5,85;5,85
661679;6906845;11,9;11,9
661609;6906896;10,8;10,8
660461;6907206;12;12
661149;6906910;7,8;7,8
661237;6906719;9,4;9,4
660858;6906817;8;8
660957;6906636;10,57;10,57
661397;6906657;10,6;10,6
660075;6906429;4,7;4,7
660045;6905839;7,81;7,81
659801;6905971;9;9
659835;6905900;7,6;7,6
659933;6905659;8,4;8,4
659933;6905659;9,3;9,3
659998;6905699;11,5;11,5
660033;6905018;6,5;6,5
659471;6906074;6,6;6,6
659670;6905852;8;8
659484;6905793;7,5;7,5
659400;6905864;7,8;7,8
659338;6905645;5,5;5,5
659368;6905639;5,45;5,45
659059;6905792;7;7
658666;6906080;6,6;6,6
658600;6905931;8,5;8,5
658817;6905619;5,9;5,9
658867;6905558;5,5;5,5
658907;6905598;4,7;4,7
658987;6905587;9;9
658997;6905537;6;6
658966;6905478;5,2;5,2
659046;6905487;5,3;5,3
659006;6905417;5,7;5,7
659136;6905466;5,7;5,7
659135;6905356;3,9;3,9
659206;6905416;6,7;6,7
659235;6905345;6;6
659286;6905405;5,7;5,7
659294;6905195;6,5;6,5
660066;6905378;7,3;7,3
660035;6905288;6,35;6,35
659964;6905199;9,55;9,55
660153;6905087;5,72;5,72
659992;6904889;7,68;7,68
659551;6904812;7,95;7,95
659044;6903986;7,9;7,9
659461;6903623;10,5;10,5
659445;6903598;9,1;9,1
659421;6903673;9;9
658968;6903277;11,5;11,5
658878;6903318;5,65;5,65
658843;6902728;8;8
657762;6901516;5,6;5,6
654728;6899962;8,25;8,25
654698;6899942;7;7
654113;6896946;6;6
654191;6896705;5;5
653214;6895973;6,4;6,4
653144;6895324;8,7;8,7
652562;6895689;3;3
651815;6893684;9,6;9,6
648468;6895363;8,7;8,7
648287;6895324;7,3;7,3
648022;6894736;7,8;7,8
647822;6894638;11,9;11,9
647970;6894497;11,5;11,5
647665;6894409;7,5;7,5
647566;6893980;8,45;8,45
646998;6893696;12,35;12,35
646748;6894237;11;11
631283;6875872;6,8;6,8
631586;6876190;6,1;6,1
631686;6876269;5,22;5,22
632122;6876925;10,6;10,6
632022;6876976;12;12
631863;6877117;15,5;15,5
631801;6877148;14,9;14,9
631814;6877188;15,9;15,9
631854;6877227;14,95;14,95
632205;6877285;8,91;8,91
630804;6879596;13;13
630864;6879606;13,25;13,25
629646;6881106;12,3;12,3
630390;6882830;11;11
631225;6882213;7,2;7,2
632794;6880780;4,2;4,2
671749;6914622;3,1;3,1
675249;6915683;9;9
675197;6915423;8;8
675284;6915002;8,6;8,6
675935;6915167;7,5;7,5
676180;6915735;7,5;7,5
676637;6915321;6,1;6,1
677137;6915316;6;6
677333;6914774;4;4
677845;6914980;3,6;3,6
677902;6914640;7;7
677117;6914156;5,7;5,7
673599;6914536;6;6
676171;6914624;5;5
678252;6913536;10,5;10,5
678644;6914913;5,8;5,8
680117;6915101;6;6
679743;6914734;6,4;6,4
727111;6951037;5,6;5,6
726252;6951255;9;9
726619;6951362;12;12
727495;6951403;9,5;9,5
726776;6951570;6;6
726878;6951709;8,5;8,5
726890;6951774;4,5;4,5
726359;6951964;10,2;10,2
725943;6951716;6;6
725439;6952033;5;5
725520;6952152;7,1;7,1
727396;6951742;7,6;7,6
727329;6951912;8,2;8,2
727378;6952078;10,6;10,6
726288;6953355;7,1;7,1
726326;6953448;6,2;6,2
726255;6953541;7,5;7,5
727663;6953393;10,5;10,5
726714;6954693;8,2;8,2
728482;6954317;3;3
728228;6954546;7;7
727205;6955890;4,8;4,8
727586;6955976;8;8
726857;6956093;7,1;7,1
727381;6957679;12;12
727461;6958333;5;5
727031;6959934;7,4;7,4
726792;6959997;8,05;8,05
726993;6960085;7,6;7,6
726734;6960257;7,5;7,5
726915;6960406;7;7
726796;6960477;7,7;7,7
726758;6960697;8,1;8,1
725867;6960655;2,5;2,5
726389;6960816;5;5
727190;6960914;4,9;4,9
726861;6960977;8,1;8,1
726783;6961248;9;9
726374;6961412;7,4;7,4
725976;6961615;6;6
727636;6962611;6,5;6,5
728009;6962958;7,6;7,6
728810;6964092;7,82;7,82
728103;6964489;9,8;9,8
728987;6964781;7;7
733209;6967910;7,15;7,15
734331;6968087;5;5
734287;6968186;3,6;3,6
734463;6968279;2,5;2,5
733305;6969397;3,8;3,8
733311;6969503;2,5;2,5
733281;6969571;2;2
734918;6970911;5;5
734960;6970988;5;5
734579;6971156;11,5;11,5
735138;6972031;6,6;6,6
735366;6973991;12;12
736139;6974244;4,5;4,5
737617;6975012;4,9;4,9
739037;6975909;3,6;3,6
740558;6979209;4,5;4,5
741085;6979825;5,3;5,3
741305;6980974;5,8;5,8
741438;6981243;2,7;2,7
650406;6894192;10,5;10,5
650570;6894173;10;10
650729;6894155;13;13
651202;6893847;8;8
651239;6893785;10;10
652716;6893207;10;10
651815;6893684;8,9;8,9
648050;6895602;2,7;2,7
648078;6895542;4;4
648451;6894887;3;3
648514;6894765;3;3
