X;Y;Z;Z_1
719026,6751;6948427,607;44;44
719327,7408;6948428,618;44;44
718124,9488;6947961,388;51;51
718426,0391;6947962,352;43;43
718727,1294;6947963,332;42;42
719028,2196;6947964,328;44;44
719329,3097;6947965,34;46;46
717524,1903;6947496,231;43;43
717825,3052;6947497,164;43;43
718126,42;6947498,112;41;41
718427,5347;6947499,076;54;54
718728,6494;6947500,056;47;47
719029,764;6947501,052;47;47
719330,8786;6947502,064;46;46
716923,3339;6947031,14;43;43
717224,4733;6947032,04;45;45
717525,6126;6947032,957;42;42
717826,7519;6947033,889;42;42
718127,8911;6947034,838;44;44
718429,0303;6947035,802;42;42
718730,1694;6947036,782;44;44
719031,3085;6947037,778;42;42
719332,4475;6947038,79;44;44
716322,3795;6946566,114;43;43
716623,5434;6946566,983;41;41
716924,7073;6946567,867;42;42
717225,8711;6946568,768;42;42
717527,0349;6946569,685;42;42
717828,1986;6946570,617;43;43
718129,3622;6946571,566;45;45
718430,5259;6946572,53;42;42
718731,6894;6946573,51;40;40
719032,853;6946574,506;40;40
719334,0164;6946575,518;39;39
715118,9501;6946099,526;48;48
715420,1387;6946100,332;49;49
715721,3272;6946101,153;49;49
716022,5156;6946101,99;44;44
716323,704;6946102,843;43;43
716624,8923;6946103,713;43;43
716926,0806;6946104,597;47;47
717227,2689;6946105,498;40;40
717528,4571;6946106,415;41;41
717829,6453;6946107,348;41;41
718130,8334;6946108,296;42;42
718432,0214;6946109,26;39;39
718733,2095;6946110,241;37;37
719034,3974;6946111,237;41;41
719335,5853;6946112,249;47;47
714517,7508;6945634,694;39;39
714818,9639;6945635,468;40;40
715120,1769;6945636,258;40;40
715421,3899;6945637,063;40;40
715722,6028;6945637,885;44;44
716023,8157;6945638,722;44;44
716325,0285;6945639,575;42;42
716626,2413;6945640,445;44;44
716927,454;6945641,33;44;44
717228,6667;6945642,23;42;42
717529,8794;6945643,147;46;46
717831,092;6945644,08;42;42
718132,3045;6945645,029;43;43
718433,517;6945645,993;41;41
718734,7295;6945646,973;43;43
719035,9419;6945647,97;41;41
719337,1542;6945648,982;41;41
713916,4536;6945169,928;42;42
714217,6912;6945170,67;42;42
714518,9287;6945171,428;41;41
714820,1662;6945172,202;37;37
715121,4036;6945172,992;41;41
715422,641;6945173,797;41;41
715723,8784;6945174,619;42;42
716025,1157;6945175,456;41;41
716326,353;6945176,31;42;42
716627,5902;6945177,179;41;41
716928,8274;6945178,064;46;46
717230,0645;6945178,965;42;42
717531,3016;6945179,882;40;40
717832,5387;6945180,815;40;40
718133,7756;6945181,763;40;40
718435,0126;6945182,728;43;43
713013,7963;6944704,533;42;42
713315,0585;6944705,227;41;41
713616,3205;6944705,938;41;41
713917,5826;6944706,664;39;39
714218,8446;6944707,406;39;39
714520,1066;6944708,164;37;37
714821,3685;6944708,938;40;40
715122,6304;6944709,728;37;37
715423,8922;6944710,534;40;40
715725,154;6944711,355;45;45
716026,4158;6944712,193;42;42
716327,6775;6944713,046;41;41
716628,9391;6944713,915;43;43
716930,2008;6944714,8;40;40
717231,4623;6944715,702;43;43
717532,7239;6944716,618;42;42
711207,1319;6944237,438;46;46
713316,1386;6944241,965;39;39
713617,4251;6944242,676;44;44
713918,7116;6944243,402;42;42
714219,998;6944244,144;40;40
714521,2844;6944244,902;40;40
714822,5708;6944245,676;39;39
715123,8571;6944246,466;38;38
715425,1434;6944247,272;40;40
715726,4296;6944248,094;42;42
716027,7158;6944248,931;43;43
716329,002;6944249,785;44;44
710304,1072;6943772,475;45;45
710605,4185;6943773,027;44;44
710906,7297;6943773,594;40;40
711208,041;6943774,177;40;40
711509,3522;6943774,777;46;46
711810,6633;6943775,392;44;44
712111,9745;6943776,023;45;45
712413,2856;6943776,67;42;42
712714,5966;6943777,332;40;40
713015,9077;6943778,011;41;41
713317,2187;6943778,706;38;38
713618,5296;6943779,416;39;39
713919,8405;6943780,142;40;40
714221,1514;6943780,885;39;39
714522,4623;6943781,643;38;38
714823,7731;6943782,417;42;42
715125,0838;6943783,207;37;37
715426,3945;6943784,013;39;39
715727,7052;6943784,834;41;41
709702,2714;6943308,162;41;41
710003,6071;6943308,681;49;49
710304,9429;6943309,217;45;45
710606,2786;6943309,769;43;43
710907,6143;6943310,336;39;39
711208,95;6943310,919;46;46
711510,2856;6943311,519;48;48
711811,6212;6943312,134;41;41
712112,9568;6943312,765;45;45
712414,2924;6943313,412;40;40
712715,6279;6943314,075;38;38
713016,9633;6943314,753;38;38
713318,2988;6943315,448;40;40
713619,6342;6943316,158;39;39
713920,9695;6943316,885;39;39
714222,3048;6943317,627;38;38
714523,6401;6943318,385;40;40
714824,9753;6943319,16;40;40
709100,3377;6942843,914;43;43
709401,6979;6942844,402;41;41
709703,0582;6942844,906;40;40
710004,4184;6942845,425;41;41
710305,7786;6942845,961;39;39
710607,1388;6942846,513;44;44
710908,4989;6942847,08;44;44
711209,859;6942847,664;47;47
711511,2191;6942848,263;40;40
711812,5791;6942848,878;42;42
712113,9391;6942849,509;41;41
712415,2991;6942850,156;42;42
712716,6591;6942850,819;40;40
713018,019;6942851,498;40;40
713319,3788;6942852,192;39;39
713620,7387;6942852,903;40;40
713922,0985;6942853,63;37;37
714223,4582;6942854,372;45;45
714524,8179;6942855,13;40;40
699758,1411;6942373,416;47;47
700059,5262;6942373,411;54;54
700360,9113;6942373,422;47;47
704881,6874;6942375,496;44;44
705183,0724;6942375,762;49;49
705484,4573;6942376,043;47;47
705785,8423;6942376,341;43;43
706087,2272;6942376,654;47;47
706388,6122;6942376,983;55;55
708498,3061;6942379,731;40;40
708799,6909;6942380,188;42;42
709101,0756;6942380,66;41;41
709402,4603;6942381,148;40;40
709703,845;6942381,652;41;41
710005,2297;6942382,172;42;42
710306,6143;6942382,707;38;38
710607,9989;6942383,259;43;43
710909,3835;6942383,827;45;45
711210,768;6942384,41;39;39
711512,1526;6942385,009;39;39
711813,537;6942385,625;39;39
712114,9215;6942386,256;38;38
712416,3059;6942386,903;41;41
712717,6903;6942387,566;40;40
713019,0746;6942388,244;39;39
713320,4589;6942388,939;38;38
713621,8432;6942389,65;40;40
713923,2274;6942390,376;40;40
714224,6116;6942391,119;40;40
699758,1215;6941910,164;41;41
700059,531;6941910,159;45;45
700360,9406;6941910,17;46;46
703676,4453;6941911,341;49;49
703977,8548;6941911,543;41;41
704279,2643;6941911,761;39;39
704580,6737;6941911,995;38;38
704882,0832;6941912,244;37;37
705183,4926;6941912,51;41;41
705484,902;6941912,791;40;40
705786,3114;6941913,088;38;38
706087,7208;6941913,402;39;39
706389,1302;6941913,731;41;41
706690,5395;6941914,076;42;42
706991,9489;6941914,437;38;38
707293,3582;6941914,813;41;41
707594,7675;6941915,206;42;42
707896,1767;6941915,615;41;41
708197,586;6941916,039;39;39
708498,9952;6941916,48;40;40
708800,4044;6941916,936;38;38
709101,8136;6941917,408;39;39
709403,2227;6941917,896;40;40
709704,6319;6941918,4;39;39
710006,0409;6941918,92;38;38
710307,45;6941919,456;38;38
710608,8591;6941920,007;40;40
710910,2681;6941920,575;42;42
711211,6771;6941921,159;39;39
711513,086;6941921,758;40;40
711814,4949;6941922,373;39;39
712115,9038;6941923,004;40;40
712417,3127;6941923,651;41;41
712718,7215;6941924,314;52;52
713020,1303;6941924,993;37;37
713321,539;6941925,688;39;39
700059,5359;6941446,909;38;38
700360,9699;6941446,92;42;42
703073,8756;6941447,735;44;44
703375,3095;6941447,905;45;45
703676,7434;6941448,091;37;37
703978,1773;6941448,293;36;36
704279,6112;6941448,511;38;38
704581,0451;6941448,745;37;37
704882,479;6941448,994;38;38
705183,9129;6941449,26;35;35
705485,3467;6941449,541;37;37
705786,7806;6941449,838;38;38
706088,2144;6941450,152;38;38
706389,6482;6941450,481;36;36
706691,082;6941450,826;36;36
706992,5157;6941451,187;38;38
707293,9495;6941451,564;36;36
707595,3832;6941451,956;36;36
707896,8169;6941452,365;39;39
708198,2506;6941452,789;42;42
708499,6843;6941453,23;37;37
708801,1179;6941453,686;43;43
709102,5515;6941454,158;38;38
710911,1526;6941457,326;39;39
711212,5861;6941457,909;37;37
699758,0823;6940983,665;36;36
700059,5407;6940983,661;37;37
700360,9991;6940983,672;37;37
700662,4575;6940983,699;36;36
700963,916;6940983,742;43;43
701265,3744;6940983,8;39;39
701566,8328;6940983,875;38;38
701868,2912;6940983,966;41;41
702169,7496;6940984,072;41;41
702471,208;6940984,195;40;40
702772,6664;6940984,333;36;36
703074,1248;6940984,487;35;35
703375,5831;6940984,657;36;36
703677,0415;6940984,843;38;38
703978,4998;6940985,045;36;36
704279,9582;6940985,263;36;36
704581,4165;6940985,497;41;41
704882,8748;6940985,746;37;37
706691,6244;6940987,578;41;41
697647,6827;6940520,899;61;61
699155,097;6940520,477;39;39
699456,5798;6940520,44;38;38
699758,0627;6940520,42;37;37
700059,5455;6940520,415;35;35
700361,0284;6940520,426;37;37
700662,5112;6940520,453;38;38
700963,9941;6940520,496;36;36
701265,4769;6940520,555;38;38
701566,9598;6940520,629;41;41
701868,4426;6940520,72;38;38
702169,9255;6940520,826;38;38
702471,4083;6940520,949;45;45
702772,8911;6940521,087;41;41
703074,374;6940521,241;38;38
703375,8568;6940521,412;37;37
703677,3396;6940521,598;37;37
697647,4921;6940057,655;49;49
697948,9993;6940057,539;52;52
698250,5066;6940057,439;42;42
698552,0139;6940057,354;43;43
698853,5212;6940057,286;37;37
699155,0285;6940057,233;37;37
699456,5358;6940057,197;38;38
699758,0431;6940057,176;36;36
700059,5503;6940057,171;38;38
700361,0576;6940057,182;37;37
700662,5649;6940057,209;37;37
700964,0722;6940057,252;41;41
701265,5795;6940057,311;41;41
701567,0868;6940057,386;36;36
701868,5941;6940057,476;36;36
702170,1014;6940057,583;37;37
702471,6086;6940057,705;40;40
702773,1159;6940057,844;36;36
703074,6231;6940057,998;37;37
703376,1304;6940058,168;39;39
703677,6376;6940058,354;37;37
697345,7697;6939594,546;39;39
697647,3014;6939594,414;41;41
697948,8331;6939594,297;40;40
698250,3648;6939594,197;41;41
698551,8965;6939594,113;39;39
698853,4283;6939594,044;34;34
699154,96;6939593,992;38;38
699456,4917;6939593,955;43;43
699758,0234;6939593,935;42;42
700059,5552;6939593,93;44;44
700361,0869;6939593,941;41;41
700662,6186;6939593,968;37;37
700964,1504;6939594,011;39;39
701265,6821;6939594,07;40;40
701567,2138;6939594,144;45;45
701868,7455;6939594,235;42;42
702170,2772;6939594,341;46;46
702471,809;6939594,464;47;47
702773,3407;6939594,602;45;45
703074,8723;6939594,756;38;38
703376,404;6939594,927;38;38
697647,1107;6939131,174;41;41
697948,6669;6939131,058;43;43
698250,223;6939130,958;34;34
698551,7792;6939130,874;33;33
698853,3353;6939130,805;36;36
699154,8915;6939130,753;45;45
699456,4477;6939130,716;47;47
699758,0038;6939130,695;44;44
700059,56;6939130,69;45;45
700361,1162;6939130,702;47;47
700662,6723;6939130,729;49;49
700964,2285;6939130,771;41;41
701265,7847;6939130,83;36;36
701567,3408;6939130,905;37;37
701868,897;6939130,996;35;35
702170,4531;6939131,102;37;37
702472,0093;6939131,225;36;36
702773,5654;6939131,363;37;37
697646,9201;6938667,937;36;36
697948,5006;6938667,821;37;37
698250,0812;6938667,721;34;34
698551,6618;6938667,636;42;42
698853,2424;6938667,568;56;56
702170,629;6938667,865;40;40
696741,9144;6938205,146;37;37
697043,5194;6938204,982;36;36
697345,1244;6938204,834;38;38
697646,7294;6938204,702;37;37
697948,3344;6938204,586;38;38
698249,9394;6938204,486;35;35
698551,5445;6938204,401;52;52
698853,1495;6938204,333;58;58
696440,021;6937742,093;39;39
696741,6504;6937741,914;43;43
697043,2798;6937741,75;46;46
697344,9093;6937741,602;36;36
697646,5387;6937741,47;36;36
697948,1682;6937741,353;37;37
698249,7976;6937741,253;36;36
698551,4271;6937741,169;55;55
698853,0566;6937741,1;52;52
699154,686;6937741,048;48;48
696439,7326;6937278,863;38;38
696741,3864;6937278,683;41;41
697043,0403;6937278,519;36;36
697344,6942;6937278,371;39;39
697646,3481;6937278,239;36;36
697948,0019;6937278,123;37;37
698249,6558;6937278,022;41;41
698551,3097;6937277,938;50;50
698852,9637;6937277,87;52;52
699154,6176;6937277,817;58;58
696439,4441;6936815,634;38;38
696741,1224;6936815,455;37;37
697042,8008;6936815,291;40;40
697344,4791;6936815,143;32;32
697646,1574;6936815,01;34;34
697947,8357;6936814,894;39;39
698249,5141;6936814,794;45;45
698551,1924;6936814,71;38;38
698852,8707;6936814,641;52;52
696439,1557;6936352,408;36;36
696740,8585;6936352,228;33;33
697042,5612;6936352,064;35;35
697344,264;6936351,916;32;32
697645,9667;6936351,784;34;34
697947,6695;6936351,668;49;49
698249,3723;6936351,568;48;48
698551,075;6936351,483;40;40
698852,7778;6936351,415;58;58
696740,5945;6935889,004;35;35
697042,3217;6935888,84;34;34
697344,0489;6935888,692;33;33
697645,7761;6935888,56;32;32
697947,5033;6935888,444;49;49
698249,2305;6935888,343;36;36
698852,6849;6935888,191;56;56
696740,3305;6935425,782;39;39
697042,0822;6935425,618;34;34
697343,8338;6935425,47;39;39
697645,5854;6935425,338;34;34
697947,337;6935425,222;46;46
698249,0887;6935425,121;49;49
696740,0666;6934962,562;36;36
697041,8426;6934962,398;33;33
697343,6187;6934962,25;36;36
697645,3947;6934962,118;47;47
697947,1708;6934962,002;47;47
695532,6008;6934500,16;39;39
696739,8026;6934499,345;43;43
697041,6031;6934499,181;34;34
697343,4036;6934499,033;38;38
697645,2041;6934498,9;49;49
698550,6056;6934498,599;53;53
694324,9397;6934038,015;40;40
694626,7645;6934037,723;39;39
694928,5893;6934037,448;38;38
695230,4142;6934037,188;37;37
695532,239;6934036,944;40;40
695834,0639;6934036,717;36;36
696135,8888;6934036,505;36;36
696437,7137;6934036,309;36;36
696739,5386;6934036,129;33;33
697041,3636;6934035,965;35;35
697343,1885;6934035,817;36;36
697645,0134;6934035,685;36;36
697946,8384;6934035,569;35;35
698248,6633;6934035,468;35;35
698550,4883;6934035,384;36;36
693418,9325;6933575,771;46;46
693720,7817;6933575,432;38;38
694022,631;6933575,109;37;37
694324,4802;6933574,801;37;37
694626,3295;6933574,51;37;37
694928,1788;6933574,234;35;35
695230,028;6933573,975;38;38
695531,8773;6933573,731;39;39
695833,7267;6933573,503;38;38
696135,576;6933573,292;34;34
696437,4253;6933573,096;34;34
696739,2747;6933572,916;36;36
697041,124;6933572,752;35;35
697342,9734;6933572,604;31;31
697644,8228;6933572,471;38;38
697946,6721;6933572,355;34;34
692814,6525;6933113,286;48;48
693116,5261;6933112,915;35;35
693418,3998;6933112,56;32;32
693720,2734;6933112,221;32;32
694022,1471;6933111,898;33;33
694324,0208;6933111,59;33;33
694625,8945;6933111,299;34;34
694927,7682;6933111,023;34;34
695229,6419;6933110,764;35;35
695531,5156;6933110,52;35;35
695833,3894;6933110,292;35;35
696135,2632;6933110,08;34;34
696437,1369;6933109,884;38;38
696739,0107;6933109,704;37;37
697040,8845;6933109,54;36;36
697342,7583;6933109,392;33;33
697644,6321;6933109,26;34;34
693115,969;6932649,706;31;31
693417,867;6932649,351;32;32
693719,7651;6932649,012;37;37
694021,6632;6932648,689;52;52
694323,5613;6932648,381;48;48
694625,4595;6932648,09;42;42
694927,3576;6932647,814;32;32
695229,2558;6932647,555;33;33
695531,1539;6932647,311;35;35
695833,0521;6932647,083;34;34
696134,9503;6932646,871;35;35
696436,8485;6932646,675;39;39
696738,7468;6932646,495;34;34
697040,645;6932646,331;32;32
697342,5432;6932646,183;33;33
692813,4893;6932186,871;36;36
693115,4118;6932186,5;35;35
693417,3343;6932186,144;48;48
693719,2568;6932185,805;51;51
694021,1793;6932185,482;46;46
694323,1019;6932185,174;48;48
694625,0245;6932184,883;49;49
694926,947;6932184,607;50;50
695228,8696;6932184,348;39;39
695530,7922;6932184,104;32;32
695832,7149;6932183,876;33;33
696134,6375;6932183,664;34;34
692812,9077;6931723,666;33;33
693114,8546;6931723,295;36;36
693416,8015;6931722,94;47;47
693718,7485;6931722,6;49;49
694020,6955;6931722,277;48;48
694322,6424;6931721,97;47;47
694624,5894;6931721,678;48;48
694926,5365;6931721,402;48;48
695228,4835;6931721,143;38;38
695530,4305;6931720,899;40;40
695832,3776;6931720,671;40;40
692510,3547;6931260,851;35;35
692812,3261;6931260,464;35;35
693114,2974;6931260,093;34;34
693416,2688;6931259,737;47;47
693718,2402;6931259,398;48;48
694020,2116;6931259,074;52;52
694322,183;6931258,767;50;50
694624,1544;6931258,475;49;49
694926,1259;6931258,2;50;50
690999,7702;6930799,825;38;38
691603,7615;6930798,908;38;38
691905,7572;6930798,473;33;33
692207,753;6930798,054;32;32
692509,7487;6930797,651;36;36
692811,7445;6930797,263;36;36
693113,7403;6930796,892;37;37
693415,7361;6930796,537;35;35
693717,7319;6930796,197;50;50
694019,7277;6930795,874;51;51
694321,7236;6930795,567;48;48
694623,7194;6930795,275;50;50
694925,7153;6930794,999;51;51
695227,7112;6930794,74;54;54
695529,7071;6930794,496;55;55
690999,042;6930336,627;35;35
691301,0621;6930336,16;33;33
691603,0822;6930335,709;31;31
691905,1023;6930335,274;33;33
692207,1225;6930334,855;32;32
692509,1427;6930334,452;47;47
692811,1629;6930334,065;45;45
693113,1831;6930333,694;44;44
693415,2033;6930333,339;35;35
693717,2236;6930332,999;41;41
694019,2438;6930332,676;51;51
694321,2641;6930332,368;48;48
694623,2844;6930332,077;50;50
694925,3048;6930331,801;45;45
695227,3251;6930331,541;38;38
695529,3455;6930331,297;51;51
690394,2248;6929874,413;32;32
690696,2693;6929873,914;32;32
690998,3138;6929873,431;31;31
691300,3583;6929872,964;32;32
691602,4029;6929872,513;32;32
691904,4474;6929872,078;33;33
692206,492;6929871,659;48;48
692508,5366;6929871,256;40;40
692810,5813;6929870,869;39;39
693112,6259;6929870,498;48;48
693414,6706;6929870,142;38;38
693716,7153;6929869,803;40;40
694018,76;6929869,479;51;51
694320,8047;6929869,172;45;45
694622,8494;6929868,88;49;49
694924,8942;6929868,605;51;51
695831,0286;6929867,873;55;55
690091,3789;6929411,734;34;34
690393,4477;6929411,219;37;37
690695,5167;6929410,72;32;32
690997,5856;6929410,238;32;32
691299,6545;6929409,771;25;25
691601,7235;6929409,32;32;32
691903,7925;6929408,885;34;34
692205,8615;6929408,465;39;39
692507,9306;6929408,062;32;32
692809,9997;6929407,675;36;36
693112,0687;6929407,304;41;41
693414,1379;6929406,948;47;47
693716,207;6929406,609;48;48
694018,2761;6929406,285;40;40
694320,3453;6929405,978;46;46
690090,5774;6928948,542;32;32
690392,6707;6928948,028;33;33
690694,764;6928947,529;33;33
690996,8574;6928947,046;32;32
691298,9508;6928946,579;43;43
691601,0442;6928946,128;35;35
691903,1376;6928945,693;44;44
693715,6987;6928943,417;49;49
694017,7923;6928943,093;41;41
690089,7759;6928485,353;33;33
690391,8936;6928484,838;32;32
690694,0114;6928484,339;33;33
690996,1292;6928483,856;36;36
691298,247;6928483,389;48;48
691600,3648;6928482,938;55;55
690391,1165;6928021,651;35;35
690693,2587;6928021,152;45;45
690995,401;6928020,669;41;41
691297,5432;6928020,202;42;42
688275,1738;6927562,404;45;45
690390,3395;6927558,465;33;33
690692,5061;6927557,966;34;34
690994,6728;6927557,483;43;43
691296,8395;6927557,016;42;42
688274,2257;6927099,222;37;37
688576,4166;6927098,611;39;39
688878,6075;6927098,016;82;82
690087,3714;6927095,797;33;33
690389,5624;6927095,282;30;30
690691,7535;6927094,783;38;38
690993,9446;6927094,3;37;37
688273,2776;6926636,041;37;37
688575,4929;6926635,43;37;37
688877,7082;6926634,835;34;34
689179,9236;6926634,257;33;33
689482,139;6926633,694;32;32
689784,3544;6926633,147;34;34
690086,5699;6926632,616;33;33
690388,7854;6926632,101;31;31
690691,0009;6926631,602;34;34
690993,2164;6926631,119;39;39
687970,0898;6926173,489;33;33
688272,3295;6926172,862;33;33
688574,5693;6926172,251;32;32
688876,809;6926171,657;30;30
689179,0488;6926171,078;32;32
689481,2887;6926170,515;31;31
689783,5285;6926169,968;31;31
690085,7684;6926169,437;32;32
690388,0083;6926168,922;34;34
690690,2483;6926168,423;36;36
690992,4882;6926167,94;31;31
691294,7282;6926167,473;39;39
691596,9682;6926167,021;46;46
687364,5891;6925711,613;32;32
687666,8532;6925710,955;34;34
687969,1173;6925710,312;32;32
688271,3814;6925709,686;31;31
688573,6456;6925709,075;34;34
688875,9098;6925708,48;36;36
689178,174;6925707,901;33;33
689480,4383;6925707,338;33;33
689782,7026;6925706,791;31;31
690084,9669;6925706,26;32;32
690387,2313;6925705,745;32;32
690689,4956;6925705,246;32;32
690991,76;6925704,763;32;32
691294,0245;6925704,296;33;33
686758,9908;6925249,804;32;32
687061,2793;6925249,114;32;32
687363,5677;6925248,439;31;31
687665,8562;6925247,78;33;33
687968,1448;6925247,138;30;30
688270,4334;6925246,511;36;36
689177,2993;6925244,726;34;34
689479,588;6925244,164;41;41
689781,8767;6925243,617;35;35
690084,1654;6925243,086;41;41
690386,4542;6925242,57;39;39
690688,743;6925242,071;43;43
690991,0319;6925241,588;42;42
686153,295;6924788,061;31;31
686455,6078;6924787,339;33;33
686757,9206;6924786,632;34;34
687060,2335;6924785,941;35;35
687362,5464;6924785,267;33;33
687664,8593;6924784,608;36;36
689478,7376;6924780,991;47;47
689781,0508;6924780,444;45;45
690083,364;6924779,913;44;44
690385,6772;6924779,398;44;44
685849,8387;6924325,63;34;34
686152,1759;6924324,891;34;34
686454,5131;6924324,169;32;32
686756,8504;6924323,462;34;34
687059,1877;6924322,771;37;37
685546,3336;6923863,216;32;32
685848,6952;6923862,462;33;33
686151,0568;6923861,723;32;32
686453,4184;6923861,001;32;32
685242,7797;6923400,821;32;32
685545,1656;6923400,051;34;34
685847,5516;6923399,296;31;31
686149,9377;6923398,557;35;35
684939,1769;6922938,444;32;32
685241,5873;6922937,658;31;31
685543,9977;6922936,887;34;34
741366,5609;6981445,447;100;100
741665,8849;6981447,637;96;96
741965,2087;6981449,843;91;91
741070,591;6980979,84;88;88
741369,9395;6980982,014;86;86
741669,2879;6980984,205;88;88
741968,6361;6980986,411;87;87
740774,5721;6980514,251;87;87
741073,9452;6980516,41;87;87
741373,3181;6980518,584;87;87
740478,5042;6980048,68;92;92
740777,9018;6980050,823;88;88
741077,2993;6980052,982;88;88
741376,6966;6980055,157;99;99
740481,8093;6979585,254;84;84
740781,2314;6979587,397;84;84
740185,6679;6979119,702;83;83
740485,1145;6979121,83;84;84
740188,9486;6978656,281;82;82
740488,4197;6978658,409;84;84
740192,2293;6978192,862;85;85
740491,7248;6978194,99;94;94
739895,9899;6977727,333;84;84
740195,51;6977729,446;84;84
739300,1568;6977259,741;93;93
739599,7015;6977261,822;90;90
739899,2461;6977263,919;86;86
739003,7948;6976794,263;78;78
739303,3641;6976796,329;87;87
739602,9332;6976798,41;82;82
738707,3838;6976328,803;80;80
739006,9776;6976330,853;82;82
738111,3053;6975861,343;84;84
738410,9238;6975863,361;82;82
738710,5422;6975865,396;77;77
737515,1285;6975393,948;81;81
737814,7717;6975395,935;76;76
738114,4147;6975397,937;80;80
738414,0577;6975399,956;80;80
738713,7005;6975401,99;77;77
736619,1857;6974924,678;81;81
736918,8536;6974926,617;77;77
737218,5214;6974928,573;78;78
737518,1891;6974930,544;76;76
737817,8567;6974932,531;77;77
738117,5242;6974934,534;76;76
736022,7879;6974457,444;83;83
736322,4804;6974459,352;79;79
736622,1729;6974461,276;73;73
736921,8652;6974463,216;79;79
737221,5575;6974465,171;76;76
735426,2919;6973990,275;80;80
735726,0091;6973992,151;80;80
736025,7262;6973994,044;74;74
736325,4432;6973995,952;78;78
736625,1601;6973997,876;75;75
736924,8769;6973999,816;77;77
735129,4395;6973525,016;75;75
735429,1812;6973526,877;72;72
735728,9229;6973528,754;72;72
736028,6644;6973530,646;74;74
736328,4059;6973532,555;72;72
736628,1472;6973534,479;75;75
735132,3044;6973061,62;75;75
735432,0706;6973063,481;75;75
735731,8367;6973065,358;73;73
736031,6027;6973067,251;86;86
734835,3786;6972596,381;74;74
735135,1694;6972598,227;71;71
735434,96;6972600,088;71;71
735734,7505;6972601,965;81;81
734538,4038;6972131,161;72;72
734838,2191;6972132,99;71;71
735138,0343;6972134,836;71;71
735437,8494;6972136,698;72;72
735737,6643;6972138,575;75;75
734241,38;6971665,957;76;76
734541,2198;6971667,772;74;74
734841,0595;6971669,602;73;73
735140,8992;6971671,448;73;73
735440,7387;6971673,309;72;72
734244,1715;6971202,571;74;74
734544,0358;6971204,385;75;75
734843,9;6971206,215;75;75
735143,764;6971208,061;75;75
734246,9631;6970739,187;72;72
734546,8518;6970741,001;83;83
734846,7404;6970742,831;73;73
733949,8413;6970274,006;75;75
734249,7546;6970275,805;69;69
734549,6677;6970277,619;71;71
734849,5808;6970279,45;72;72
733352,7327;6969807,076;70;70
733652,6706;6969808,843;74;74
733952,6084;6969810,626;69;69
734252,5461;6969812,425;70;70
734552,4837;6969814,24;71;71
734852,4212;6969816,071;75;75
733055,4885;6969341,946;70;70
733355,4509;6969343,698;68;68
733655,4132;6969345,465;71;71
733955,3754;6969347,249;71;71
734255,3376;6969349,048;77;77
734555,2996;6969350,863;68;68
733058,1822;6968878,571;68;68
733358,169;6968880,323;70;70
733658,1558;6968882,09;68;68
733958,1425;6968883,874;68;68
734258,1291;6968885,673;74;74
734558,1155;6968887,488;76;76
732760,8645;6968413,462;68;68
733060,8759;6968415,198;66;66
733360,8872;6968416,95;67;67
733660,8984;6968418,717;73;73
733960,9095;6968420,501;68;68
734260,9205;6968422,3;77;77
734560,9315;6968424,116;77;77
732163,4617;6967946,666;69;69
732463,4978;6967948,37;65;65
732763,5337;6967950,091;65;65
733063,5695;6967951,827;67;67
733363,6053;6967953,579;69;69
733663,6409;6967955,347;68;68
733963,6765;6967957,131;66;66
734263,712;6967958,93;69;69
731866,0215;6967481,608;65;65
732166,0821;6967483,297;69;69
732466,1425;6967485,001;69;69
732766,2029;6967486,722;68;68
733066,2632;6967488,458;63;63
733366,3234;6967490,211;70;70
733666,3835;6967491,979;67;67
731268,4471;6967014,91;68;68
731568,5323;6967016,568;75;75
731868,6174;6967018,241;65;65
732168,7024;6967019,93;67;67
732468,7873;6967021,635;65;65
732768,8721;6967023,356;67;67
733068,9568;6967025,092;66;66
733369,0415;6967026,845;70;70
730970,8844;6966549,904;65;65
731270,9941;6966551,546;75;75
731571,1037;6966553,203;62;62
731871,2132;6966554,877;66;66
732171,3227;6966556,566;66;66
732471,432;6966558,271;63;63
732771,5413;6966559,992;65;65
730673,2727;6966084,916;62;62
730973,4069;6966086,542;62;62
731273,5411;6966088,183;62;62
731573,6751;6966089,841;63;63
731873,8091;6966091,515;65;65
732173,943;6966093,204;63;63
730375,612;6965619,945;63;63
730675,7707;6965621,555;62;62
730975,9294;6965623,181;59;59
731276,088;6965624,823;66;66
731576,2465;6965626,481;64;64
731876,4049;6965628,155;62;62
729177,3519;6965150,304;73;73
729477,5354;6965151,851;65;65
729777,7189;6965153,414;62;62
730077,9023;6965154,992;62;62
730378,0856;6965156,587;62;62
730678,2688;6965158,197;63;63
730978,4519;6965159,824;63;63
731278,6349;6965161,466;63;63
728279,1033;6964682,401;77;77
728879,5197;6964685,416;63;63
729179,7277;6964686,947;61;61
729479,9357;6964688,494;64;64
729780,1436;6964690,058;63;63
730080,3514;6964691,636;69;69
730380,5592;6964693,231;60;60
730680,7668;6964694,842;63;63
730980,9744;6964696,468;61;61
727981,173;6964217,562;63;63
728281,4058;6964219,046;64;64
728581,6384;6964220,546;61;61
728881,871;6964222,062;63;63
729182,1035;6964223,593;60;60
729482,336;6964225,141;61;61
729782,5683;6964226,704;62;62
730082,8006;6964228,283;60;60
730383,0327;6964229,878;71;71
727683,1938;6963752,742;62;62
727983,4511;6963754,21;62;62
728283,7082;6963755,694;63;63
728583,9653;6963757,194;60;60
728884,2224;6963758,71;64;64
729184,4793;6963760,242;63;63
729484,7362;6963761,789;61;61
729784,993;6963763,352;67;67
730085,2497;6963764,931;64;64
727084,8837;6963286,503;63;63
727385,1656;6963287,939;59;59
727685,4474;6963289,392;62;62
727985,7291;6963290,86;59;59
728286,0107;6963292,344;58;58
728586,2922;6963293,844;59;59
728886,5737;6963295,36;61;61
726786,782;6962821,734;63;63
727087,0884;6962823,155;60;60
727387,3947;6962824,591;64;64
727687,7009;6962826,044;60;60
727988,0071;6962827,513;66;66
728288,3131;6962828,997;58;58
728588,6191;6962830,497;62;62
726488,6313;6962356,983;59;59
726788,9622;6962358,388;61;61
727089,293;6962359,809;58;58
727389,6238;6962361,246;59;59
727689,9545;6962362,699;63;63
727990,2851;6962364,167;57;57
728290,6156;6962365,652;75;75
726190,4317;6961892,25;57;57
726490,7871;6961893,639;57;57
726791,1424;6961895,044;58;58
727091,4977;6961896,466;56;56
727391,8529;6961897,903;58;58
727692,208;6961899,356;57;57
725892,1831;6961427,534;58;58
726192,563;6961428,908;59;59
726492,9429;6961430,298;60;60
726793,3226;6961431,703;57;57
727093,7023;6961433,125;57;57
727394,082;6961434,562;63;63
725894,2899;6960964,195;56;56
726194,6943;6960965,569;60;60
726495,0986;6960966,959;59;59
726795,5028;6960968,364;53;53
727095,907;6960969,786;55;55
725896,3968;6960500,858;58;58
726196,8256;6960502,232;52;52
726497,2543;6960503,622;57;57
726797,683;6960505,028;57;57
727098,1116;6960506,449;59;59
725898,5036;6960037,524;58;58
726198,9569;6960038,898;54;54
726499,4101;6960040,288;51;51
726799,8632;6960041,693;58;58
727100,3162;6960043,115;56;56
725600,1327;6959572,833;54;54
725900,6105;6959574,191;55;55
726201,0882;6959575,565;51;51
726501,5658;6959576,955;55;55
726802,0433;6959578,361;53;53
727102,5208;6959579,783;58;58
725602,2151;6959109,503;57;57
725902,7173;6959110,861;58;58
726203,2194;6959112,235;54;54
726503,7215;6959113,626;52;52
726804,2235;6959115,032;55;55
725904,8241;6958647,533;58;58
726205,3507;6958648,908;56;56
726505,8772;6958650,298;53;53
726806,4036;6958651,704;56;56
727106,93;6958653,126;69;69
725606,3798;6958182,849;54;54
725906,9309;6958184,208;56;56
726207,4819;6958185,582;56;56
726508,0329;6958186,973;57;57
726808,5837;6958188,379;53;53
727109,1345;6958189,801;61;61
727409,6853;6958191,239;64;64
725909,0377;6957720,884;55;55
726209,6131;6957722,259;51;51
726510,1885;6957723,65;54;54
726810,7638;6957725,056;53;53
727111,3391;6957726,478;55;55
727411,9142;6957727,916;64;64
725911,1445;6957257,563;54;54
726211,7444;6957258,938;55;55
726512,3442;6957260,329;53;53
726812,9439;6957261,735;50;50
727113,5436;6957263,158;56;56
727414,1432;6957264,596;55;55
726213,8756;6956795,62;52;52
726514,4998;6956797,01;52;52
726815,124;6956798,417;52;52
727115,7482;6956799,84;52;52
727416,3722;6956801,278;53;53
726516,6555;6956333,694;53;53
726817,3041;6956335,101;51;51
727117,9527;6956336,524;50;50
727418,6012;6956337,962;52;52
727719,2496;6956339,416;54;54
726819,4842;6955871,787;55;55
727120,1572;6955873,21;51;51
727420,8301;6955874,648;52;52
727721,503;6955876,103;54;54
726821,6643;6955408,475;51;51
727122,3617;6955409,898;50;50
727423,0591;6955411,337;51;51
727723,7564;6955412,792;54;54
728024,4536;6955414,262;54;54
726523,1223;6954943,759;49;49
726823,8443;6954945,166;48;48
727124,5662;6954946,589;49;49
727425,288;6954948,028;52;52
727726,0097;6954949,483;52;52
728026,7314;6954950,953;55;55
728327,453;6954952,439;58;58
720811,0833;6954456,729;56;56
726525,2779;6954480,452;50;50
726826,0243;6954481,859;48;48
727126,7707;6954483,282;48;48
727427,5169;6954484,721;50;50
727728,2631;6954486,176;54;54
728029,0092;6954487,646;54;54
728329,7552;6954489,133;54;54
728630,5011;6954490,635;56;56
720812,7745;6953993,423;56;56
721113,5466;6953994,528;57;57
726226,6626;6954015,755;50;50
726527,4335;6954017,147;51;51
726828,2044;6954018,554;50;50
727128,9751;6954019,977;48;48
727429,7458;6954021,416;49;49
727730,5164;6954022,871;45;45
728031,287;6954024,342;48;48
728332,0574;6954025,829;50;50
728632,8278;6954027,331;51;51
721115,2622;6953531,224;57;57
721416,0587;6953532,346;79;79
725927,9983;6953551,077;49;49
726228,7938;6953552,453;50;50
726529,5891;6953553,844;51;51
726830,3844;6953555,252;47;47
727131,1796;6953556,675;47;47
727431,9747;6953558,114;49;49
727732,7698;6953559,569;49;49
728033,5648;6953561,04;49;49
728334,3597;6953562,527;49;49
721116,9779;6953067,922;59;59
721417,7988;6953069,043;65;65
721718,6197;6953070,181;68;68
725629,2851;6953086,416;48;48
725930,105;6953087,776;49;49
726230,9249;6953089,152;49;49
726531,7447;6953090,544;48;48
726832,5644;6953091,951;52;52
727133,384;6953093,375;47;47
727434,2036;6953094,814;47;47
727735,0231;6953096,269;48;48
728035,8425;6953097,74;49;49
720817,8481;6952603,515;63;63
721118,6935;6952604,622;58;58
721419,5389;6952605,744;62;62
721720,3842;6952606,881;66;66
725330,5229;6952621,774;50;50
725631,3673;6952623,118;51;51
725932,2117;6952624,478;49;49
726233,056;6952625,854;49;49
726533,9002;6952627,245;49;49
726834,7444;6952628,653;47;47
727135,5885;6952630,077;50;50
727436,4325;6952631,516;47;47
727737,2764;6952632,971;54;54
720819,5393;6952140,218;63;63
721120,4092;6952141,324;57;57
721421,279;6952142,446;53;53
721722,1487;6952143,584;58;58
722023,0184;6952144,738;60;60
725031,7117;6952157,149;51;51
725332,5806;6952158,477;49;49
725633,4495;6952159,821;44;44
725934,3184;6952161,182;48;48
726235,1871;6952162,558;47;47
726536,0558;6952163,95;48;48
726836,9244;6952165,357;47;47
727137,7929;6952166,781;48;48
727438,6614;6952168,22;50;50
727739,5297;6952169,676;64;64
719617,6527;6951672,655;60;60
719918,5472;6951673,698;61;61
720219,4417;6951674,757;59;59
720520,3361;6951675,831;61;61
720821,2305;6951676,922;60;60
721122,1248;6951678,028;57;57
721423,019;6951679,15;58;58
721723,9132;6951680,288;53;53
722024,8073;6951681,442;56;56
724732,8516;6951692,542;54;54
725033,745;6951693,854;49;49
725334,6384;6951695,183;48;48
725635,5318;6951696,527;48;48
725936,425;6951697,888;50;50
726237,3182;6951699,264;50;50
726538,2113;6951700,656;50;50
726839,1044;6951702,064;51;51
727139,9973;6951703,487;49;49
727440,8902;6951704,927;50;50
719619,2461;6951209,362;57;57
719920,1651;6951210,405;55;55
720221,084;6951211,463;56;56
720522,0029;6951212,538;58;58
720822,9216;6951213,628;57;57
721123,8404;6951214,735;57;57
721424,7591;6951215,857;58;58
721725,6777;6951216,995;57;57
722026,5963;6951218,149;57;57
722327,5148;6951219,319;54;54
724133,0244;6951226,672;56;56
724433,9425;6951227,953;55;55
724734,8604;6951229,25;53;53
725035,7784;6951230,562;50;50
725336,6962;6951231,891;51;51
725637,614;6951233,236;48;48
725938,5317;6951234,596;53;53
726239,4493;6951235,972;51;51
726540,3668;6951237,364;51;51
726841,2843;6951238,772;52;52
727142,2017;6951240,196;52;52
727443,1191;6951241,636;50;50
720222,7263;6950748,172;53;53
720523,6696;6950749,247;53;53
720824,6128;6950750,337;51;51
721125,556;6950751,444;54;54
721426,4991;6950752,566;54;54
721727,4422;6950753,704;53;53
722028,3852;6950754,858;49;49
722329,3281;6950756,028;53;53
722630,271;6950757,214;53;53
722931,2138;6950758,416;54;54
723232,1566;6950759,634;55;55
723533,0992;6950760,867;48;48
723834,0419;6950762,116;51;51
724134,9844;6950763,382;50;50
724435,9269;6950764,663;52;52
724736,8693;6950765,96;53;53
725037,8117;6950767,273;53;53
725338,7539;6950768,601;49;49
725639,6962;6950769,946;47;47
725940,6383;6950771,306;48;48
726241,5804;6950772,683;49;49
726542,5224;6950774,075;49;49
726843,4643;6950775,483;49;49
727144,4061;6950776,907;48;48
720826,304;6950287,048;50;50
721127,2716;6950288,155;52;52
721428,2391;6950289,277;50;50
721729,2066;6950290,416;48;48
722030,1741;6950291,57;48;48
722331,1415;6950292,74;48;48
722632,1088;6950293,926;48;48
722933,076;6950295,128;49;49
723234,0432;6950296,345;50;50
723535,0104;6950297,579;51;51
723835,9774;6950298,828;47;47
724136,9444;6950300,094;46;46
724437,9113;6950301,375;48;48
724738,8782;6950302,672;50;50
725039,845;6950303,985;48;48
725340,8117;6950305,314;47;47
725641,7783;6950306,659;48;48
725942,7449;6950308,019;46;46
726243,7114;6950309,396;49;49
726544,6779;6950310,788;46;46
720226,0108;6949821,596;48;48
720527,003;6949822,671;49;49
720827,9951;6949823,762;50;50
721128,9872;6949824,868;47;47
721429,9792;6949825,991;47;47
721730,9711;6949827,129;46;46
722031,963;6949828,283;46;46
722332,9548;6949829,454;47;47
722633,9466;6949830,64;45;45
722934,9383;6949831,842;49;49
723235,9299;6949833,059;55;55
723536,9215;6949834,293;52;52
723837,913;6949835,543;48;48
724138,9044;6949836,808;47;47
724439,8958;6949838,089;48;48
724740,887;6949839,387;49;49
725041,8783;6949840,7;49;49
725342,8694;6949842,029;47;47
725643,8605;6949843,373;47;47
725944,8515;6949844,734;46;46
726245,8425;6949846,111;47;47
719926,6364;6949357,252;49;49
720227,6531;6949358,311;49;49
720528,6697;6949359,386;45;45
720829,6863;6949360,477;50;50
721130,7028;6949361,584;47;47
721431,7192;6949362,706;46;46
721732,7356;6949363,845;46;46
722033,7519;6949364,999;45;45
722334,7681;6949366,17;45;45
722635,7843;6949367,356;46;46
722936,8005;6949368,558;49;49
723237,8165;6949369,776;45;45
723538,8325;6949371,009;45;45
723839,8485;6949372,259;45;45
724140,8644;6949373,525;50;50
724441,8802;6949374,806;44;44
724742,8959;6949376,103;49;49
725043,9116;6949377,417;45;45
725344,9272;6949378,746;47;47
725645,9427;6949380,09;47;47
725946,9581;6949381,451;46;46
719627,2131;6948892,926;46;46
719928,2542;6948893,969;47;47
720229,2953;6948895,029;45;45
720530,3364;6948896,104;47;47
720831,3774;6948897,195;46;46
721132,4183;6948898,302;46;46
721433,4592;6948899,424;45;45
721734,5;6948900,563;45;45
722035,5408;6948901,717;43;43
722336,5815;6948902,888;43;43
722637,6221;6948904,074;44;44
722938,6627;6948905,276;44;44
723239,7032;6948906,494;40;40
723540,7436;6948907,728;43;43
723841,784;6948908,978;47;47
724142,8243;6948910,243;46;46
724443,8646;6948911,525;48;48
724744,9047;6948912,822;47;47
725045,9448;6948914,136;47;47
725346,9849;6948915,465;46;46
725648,0248;6948916,81;47;47
725949,0647;6948918,171;49;49
719628,8064;6948429,646;42;42
719929,872;6948430,689;47;47
720230,9376;6948431,748;46;46
720532,0031;6948432,824;44;44
720833,0685;6948433,915;43;43
721134,1339;6948435,022;55;55
721435,1992;6948436,144;46;46
721736,2645;6948437,283;43;43
722037,3297;6948438,438;43;43
722338,3948;6948439,608;43;43
722639,4599;6948440,794;43;43
722940,5249;6948441,997;47;47
723241,5898;6948443,215;44;44
723542,6547;6948444,449;47;47
723843,7195;6948445,699;46;46
724144,7843;6948446,964;43;43
724445,849;6948448,246;46;46
724746,9136;6948449,543;47;47
725047,9781;6948450,857;47;47
725349,0426;6948452,186;45;45
725650,107;6948453,531;47;47
719630,3998;6947966,368;45;45
719931,4898;6947967,411;45;45
720232,5798;6947968,47;45;45
720533,6698;6947969,546;44;44
720834,7596;6947970,637;44;44
721135,8494;6947971,744;44;44
721436,9392;6947972,867;45;45
721738,0289;6947974,005;44;44
722039,1185;6947975,16;45;45
722340,2081;6947976,331;42;42
722641,2976;6947977,517;44;44
722942,3871;6947978,719;43;43
723243,4764;6947979,938;47;47
723544,5658;6947981,172;46;46
723845,655;6947982,422;46;46
724146,7442;6947983,688;47;47
724447,8333;6947984,969;44;44
724748,9224;6947986,267;46;46
725050,0114;6947987,58;43;43
725351,1003;6947988,91;50;50
725652,1891;6947990,255;47;47
719631,9932;6947503,092;45;45
719933,1076;6947504,135;44;44
720234,2221;6947505,195;46;46
720535,3364;6947506,27;44;44
720836,4507;6947507,361;42;42
721137,565;6947508,468;44;44
721438,6792;6947509,591;43;43
721739,7933;6947510,73;42;42
722040,9074;6947511,885;43;43
722342,0214;6947513,056;43;43
722643,1354;6947514,242;44;44
722944,2492;6947515,444;44;44
723245,3631;6947516,663;45;45
723546,4768;6947517,897;44;44
723847,5905;6947519,147;45;45
724148,7041;6947520,413;45;45
724449,8177;6947521,695;48;48
724750,9312;6947522,993;45;45
725052,0446;6947524,306;46;46
725353,158;6947525,636;45;45
719633,5865;6947039,818;49;49
719934,7254;6947040,861;42;42
720235,8643;6947041,921;43;43
720537,0031;6947042,996;44;44
720838,1418;6947044,088;43;43
721139,2805;6947045,195;43;43
721440,4192;6947046,318;43;43
721741,5577;6947047,457;41;41
722042,6962;6947048,612;43;43
722343,8347;6947049,783;43;43
722644,9731;6947050,969;45;45
722946,1114;6947052,172;44;44
723247,2497;6947053,39;44;44
723548,3879;6947054,624;45;45
724150,6641;6947057,141;44;44
724451,8021;6947058,423;46;46
724752,94;6947059,72;47;47
719635,1798;6946576,546;41;41
719936,3432;6946577,59;43;43
720237,5065;6946578,65;41;41
720839,8329;6946580,817;41;41
721140,9961;6946581,924;43;43
721442,1591;6946583,047;41;41
721743,3221;6946584,186;42;42
719636,7732;6946113,277;42;42
719937,961;6946114,321;43;43
720239,1487;6946115,38;51;51
641646,3243;6888482,225;23;23
641641,6396;6888019,234;25;25
641332,6782;6887559,332;26;26
641636,955;6887556,245;25;25
641327,9691;6887096,345;24;24
641632,2703;6887093,258;23;23
641018,9346;6886636,463;28;28
641323,2601;6886633,36;24;24
641627,5857;6886630,273;29;29
640405,502;6886179,736;26;26
640709,8515;6886176,6;25;25
641014,2012;6886173,48;25;25
641318,551;6886170,377;29;29
636748,2455;6885755,639;34;34
637052,6174;6885752,31;26;26
637356,9895;6885748,997;26;26
637661,3617;6885745,701;28;28
637965,7341;6885742,421;25;25
638270,1067;6885739,156;26;26
638574,4795;6885735,908;25;25
638878,8524;6885732,675;26;26
639183,2256;6885729,459;27;27
639487,5988;6885726,259;24;24
639791,9723;6885723,075;25;25
640096,3459;6885719,907;35;35
640400,7197;6885716,755;30;30
640705,0936;6885713,619;34;34
641009,4677;6885710,499;26;26
636134,378;6885299,369;24;24
636438,774;6885296,008;24;24
636743,1701;6885292,663;26;26
637047,5665;6885289,334;26;26
637351,963;6885286,021;25;25
637656,3596;6885282,724;29;29
637960,7565;6885279,444;25;25
638265,1535;6885276,179;27;27
638569,5507;6885272,93;25;25
638873,9481;6885269,698;25;25
639178,3456;6885266,481;23;23
639482,7433;6885263,281;25;25
639787,1412;6885260,097;34;34
640091,5392;6885256,928;25;25
635520,4136;6884843,166;24;24
635824,8336;6884839,773;24;24
636129,2539;6884836,396;24;24
636433,6742;6884833,034;27;27
635210,7963;6884383,605;24;24
635515,2406;6884380,196;27;27
635819,6851;6884376,802;26;26
634596,6621;6883927,505;25;25
634901,1304;6883924,063;23;23
635205,5989;6883920,637;24;24
635510,0676;6883917,227;30;30
634286,9233;6883467,997;22;22
634591,4158;6883464,538;24;24
634895,9086;6883461,096;25;25
635200,4015;6883457,67;26;26
635504,8947;6883454,259;32;32
633977,1358;6883008,507;25;25
634281,6526;6883005,033;27;27
634586,1696;6883001,574;29;29
635804,2395;6882987,9;36;36
630012,8217;6882592,183;30;30
630317,3604;6882588,5;23;23
630621,8994;6882584,832;26;26
630926,4386;6882581,18;23;23
633971,8408;6882545,545;23;23
634276,382;6882542,07;23;23
629702,6461;6882132,927;24;24
630007,2092;6882129,227;24;24
630311,7724;6882125,543;19;19
630616,3358;6882121,875;19;19
630920,8994;6882118,222;27;27
631225,4632;6882114,586;32;32
633966,5458;6882082,585;27;27
634271,1114;6882079,11;28;28
629392,422;6881673,69;26;26
629697,0093;6881669,973;24;24
630001,5967;6881666,272;23;23
630306,1843;6881662,588;19;19
630610,7722;6881658,919;19;19
630915,3602;6881655,267;26;26
631219,9484;6881651,631;24;24
631524,5368;6881648,01;29;29
633656,6609;6881623,118;22;22
633961,2508;6881619,627;26;26
634265,8409;6881616,151;41;41
629691,3724;6881207,02;21;21
629995,9842;6881203,32;22;22
630300,5963;6881199,635;20;20
630605,2085;6881195,966;21;21
630909,821;6881192,313;28;28
631519,0464;6881185,056;25;25
631823,6595;6881181,452;22;22
632128,2727;6881177,863;33;33
633346,7274;6881163,67;21;21
633651,3415;6881160,162;23;23
629990,3718;6880740,369;26;26
630295,0083;6880736,683;27;27
630599,645;6880733,014;26;26
631818,1936;6880718,499;20;20
632122,8312;6880714,91;23;23
632427,469;6880711,338;25;25
632732,107;6880707,781;26;26
633036,7452;6880704,241;21;21
633341,3836;6880700,716;24;24
630594,0814;6880270,065;21;21
630898,7427;6880266,411;27;27
632422,052;6880248,386;25;25
632726,7144;6880244,829;24;24
630893,2036;6879803,463;22;22
631197,8895;6879799,826;31;31
631192,3748;6879336,879;22;22
631497,0853;6879333,257;28;28
631186,8602;6878873,934;24;24
631491,5951;6878870,312;24;24
631796,3302;6878866,706;24;24
632101,0655;6878863,117;46;46
631486,1049;6878407,369;25;25
631790,8644;6878403,763;21;21
632095,6242;6878400,173;38;38
631480,6147;6877944,428;23;23
631785,3987;6877940,821;24;24
632090,1828;6877937,231;35;35
631475,1245;6877481,488;24;24
631779,9329;6877477,881;24;24
632084,7415;6877474,29;25;25
631469,6344;6877018,55;28;28
631774,4672;6877014,943;24;24
632079,3002;6877011,352;25;25
631464,1443;6876555,614;22;22
631769,0015;6876552,007;19;19
631153,7727;6876096,304;25;25
679472,6066;6916471,277;43;43
679775,3581;6916470,202;35;35
672507,1205;6916037,278;35;35
672809,8949;6916035,835;34;34
673112,6694;6916034,409;35;35
673415,444;6916032,999;35;35
673718,2187;6916031,604;35;35
674020,9934;6916030,226;31;31
674323,7682;6916028,863;33;33
674626,5431;6916027,517;32;32
675534,8681;6916023,573;34;34
675837,6433;6916022,291;34;34
676140,4185;6916021,024;32;32
676443,1938;6916019,773;36;36
676745,9691;6916018,539;32;32
677048,7445;6916017,32;39;39
677351,52;6916016,117;33;33
677654,2956;6916014,931;36;36
677957,0712;6916013,76;37;37
678259,8468;6916012,605;32;32
678562,6226;6916011,466;43;43
678865,3983;6916010,343;34;34
679168,1742;6916009,236;32;32
679470,9501;6916008,145;33;33
679773,726;6916007,07;41;41
680076,5021;6916006,011;31;31
680379,2781;6916004,968;31;31
680682,0543;6916003,941;33;33
671899,3046;6915577,084;36;36
672202,1033;6915575,609;32;32
672504,9021;6915574,151;32;32
672807,701;6915572,708;35;35
673110,4999;6915571,282;31;31
673413,2989;6915569,872;31;31
673716,098;6915568,477;29;29
674018,8972;6915567,098;31;31
674321,6964;6915565,736;35;35
674624,4957;6915564,389;36;36
674927,2951;6915563,059;32;32
675230,0945;6915561,744;30;30
675532,894;6915560,445;36;36
675835,6936;6915559,163;34;34
676138,4933;6915557,896;31;31
676441,293;6915556,645;36;36
676744,0928;6915555,41;32;32
677046,8926;6915554,192;31;31
677349,6925;6915552,989;33;33
677652,4925;6915551,802;31;31
677955,2925;6915550,631;35;35
678258,0926;6915549,476;31;31
678560,8928;6915548,337;32;32
678863,693;6915547,214;30;30
679166,4933;6915546,107;30;30
679469,2936;6915545,016;36;36
679772,094;6915543,941;40;40
680074,8944;6915542,882;32;32
680377,6949;6915541,839;30;30
680680,4955;6915540,812;29;29
671594,2143;6915115,45;38;38
671897,0373;6915113,959;38;38
672199,8605;6915112,485;42;42
672502,6837;6915111,026;45;45
672805,507;6915109,584;43;43
673108,3304;6915108,157;36;36
673411,1538;6915106,746;29;29
673713,9773;6915105,352;31;31
674016,8009;6915103,973;33;33
674319,6246;6915102,61;31;31
674622,4483;6915101,264;29;29
674925,2721;6915099,933;29;29
675228,096;6915098,618;31;31
675530,9199;6915097,319;31;31
675833,744;6915096,037;31;31
676136,568;6915094,77;31;31
676439,3922;6915093,519;31;31
676742,2164;6915092,284;38;38
677045,0407;6915091,065;32;32
677347,865;6915089,862;30;30
677650,6894;6915088,675;33;33
677953,5139;6915087,504;35;35
678256,3384;6915086,349;33;33
678559,163;6915085,21;31;31
678861,9876;6915084,087;33;33
679164,8124;6915082,98;33;33
679467,6371;6915081,889;29;29
679770,4619;6915080,814;32;32
680073,2868;6915079,755;36;36
680376,1117;6915078,711;30;30
680678,9367;6915077,684;30;30
671289,0752;6914653,834;33;33
671591,9226;6914652,327;41;41
671894,7701;6914650,837;51;51
672197,6177;6914649,362;49;49
672500,4653;6914647,903;53;53
672803,313;6914646,461;53;53
673106,1608;6914645,034;46;46
673409,0087;6914643,623;33;33
673711,8567;6914642,228;28;28
674014,7047;6914640,85;31;31
674317,5528;6914639,487;31;31
674620,401;6914638,14;30;30
674923,2492;6914636,809;27;27
675226,0975;6914635,494;28;28
675528,9459;6914634,196;28;28
675831,7943;6914632,913;29;29
676134,6428;6914631,646;29;29
676437,4914;6914630,395;29;29
676740,34;6914629,16;39;39
677043,1888;6914627,941;36;36
677346,0375;6914626,738;33;33
677648,8864;6914625,551;36;36
677951,7353;6914624,38;29;29
678254,5842;6914623,224;30;30
678557,4332;6914622,085;32;32
678860,2823;6914620,962;29;29
679163,1314;6914619,855;31;31
679465,9806;6914618,764;33;33
679768,8299;6914617,689;33;33
680071,6792;6914616,629;28;28
680374,5286;6914615,586;31;31
680677,378;6914614,559;31;31
669166,6585;6914201,708;40;40
670983,8873;6914192,236;33;33
671286,7591;6914190,713;37;37
671589,6309;6914189,207;34;34
671892,5029;6914187,716;43;43
672195,3749;6914186,241;46;46
672498,2469;6914184,783;55;55
672801,1191;6914183,34;50;50
673103,9913;6914181,913;32;32
673406,8636;6914180,502;29;29
673709,736;6914179,107;29;29
674012,6085;6914177,728;31;31
674315,481;6914176,365;30;30
674618,3536;6914175,019;26;26
674921,2263;6914173,688;26;26
675224,099;6914172,373;26;26
675526,9718;6914171,074;40;40
675829,8447;6914169,791;39;39
676132,7176;6914168,524;42;42
676435,5906;6914167,273;29;29
676738,4637;6914166,037;30;30
677041,3368;6914164,818;29;29
677344,21;6914163,615;31;31
677647,0833;6914162,428;30;30
677949,9566;6914161,257;35;35
678252,83;6914160,102;34;34
678555,7035;6914158,962;38;38
678858,577;6914157,839;37;37
679161,4505;6914156,732;32;32
679464,3242;6914155,641;24;24
679767,1979;6914154,565;29;29
680070,0716;6914153,506;27;27
680372,9454;6914152,463;31;31
680675,8192;6914151,435;33;33
668255,4848;6913743,542;32;32
668558,3802;6913741,876;43;43
668861,2758;6913740,225;33;33
670375,7547;6913732,212;38;38
670678,6507;6913730,657;35;35
670981,5468;6913729,118;32;32
671284,443;6913727,595;32;32
671587,3393;6913726,088;34;34
671890,2356;6913724,598;37;37
672193,1321;6913723,123;35;35
672496,0286;6913721,664;42;42
672798,9252;6913720,221;31;31
673101,8218;6913718,794;25;25
673404,7186;6913717,383;25;25
673707,6154;6913715,988;28;28
674010,5123;6913714,609;26;26
674313,4092;6913713,246;28;28
674616,3062;6913711,899;29;29
674919,2033;6913710,568;29;29
675222,1005;6913709,253;28;28
675524,9977;6913707,954;28;28
675827,895;6913706,671;27;27
676130,7924;6913705,404;28;28
676433,6899;6913704,152;28;28
676736,5874;6913702,917;31;31
677039,4849;6913701,698;30;30
677342,3826;6913700,495;31;31
677645,2803;6913699,308;30;30
677948,178;6913698,136;31;31
678251,0758;6913696,981;34;34
678553,9737;6913695,842;33;33
678856,8717;6913694,718;29;29
679159,7697;6913693,611;16;16
679462,6677;6913692,52;30;30
679765,5658;6913691,444;26;26
680068,464;6913690,385;25;25
680371,3622;6913689,341;30;30
680674,2605;6913688,314;30;30
667647,085;6913283,809;31;31
667950,0047;6913282,11;32;32
668252,9244;6913280,427;36;36
668555,8443;6913278,76;35;35
668858,7643;6913277,11;41;41
669161,6843;6913275,475;35;35
669464,6044;6913273,856;29;29
669767,5246;6913272,253;35;35
670070,4449;6913270,666;37;37
670373,3653;6913269,096;31;31
670676,2858;6913267,541;28;28
670979,2063;6913266,002;31;31
671282,1269;6913264,479;30;30
671585,0476;6913262,972;29;29
671887,9684;6913261,481;36;36
672190,8893;6913260,006;32;32
672493,8102;6913258,547;30;30
672796,7312;6913257,104;29;29
673099,6523;6913255,677;28;28
673402,5735;6913254,266;26;26
673705,4947;6913252,871;27;27
674008,4161;6913251,492;26;26
674311,3374;6913250,129;33;33
674614,2589;6913248,782;29;29
674917,1804;6913247,45;29;29
675220,102;6913246,135;28;28
675523,0237;6913244,836;29;29
675825,9454;6913243,553;29;29
676128,8672;6913242,286;28;28
676431,7891;6913241,034;28;28
676734,711;6913239,799;27;27
677037,633;6913238,58;31;31
677340,5551;6913237,376;27;27
677643,4772;6913236,189;28;28
677946,3994;6913235,018;29;29
678249,3217;6913233,862;32;32
678552,244;6913232,723;32;32
678855,1663;6913231,599;29;29
679158,0888;6913230,492;30;30
679461,0113;6913229,401;31;31
679763,9338;6913228,325;30;30
680066,8564;6913227,266;31;31
680369,7791;6913226,222;33;33
680672,7018;6913225,194;31;31
667341,5317;6912822,411;30;30
667644,4757;6912820,696;37;37
667947,4199;6912818,997;34;34
668250,3641;6912817,314;31;31
668553,3084;6912815,647;38;38
668856,2527;6912813,997;37;37
669159,1972;6912812,362;33;33
669462,1418;6912810,743;28;28
669765,0864;6912809,14;31;31
670068,0311;6912807,553;29;29
670370,976;6912805,982;31;31
670673,9208;6912804,427;31;31
670976,8658;6912802,888;32;32
671279,8109;6912801,365;31;31
671582,756;6912799,858;30;30
671885,7012;6912798,367;30;30
672188,6465;6912796,891;31;31
672491,5919;6912795,432;29;29
672794,5373;6912793,989;29;29
673097,4829;6912792,562;29;29
673400,4285;6912791,151;26;26
673703,3741;6912789,756;27;27
674006,3199;6912788,377;43;43
674309,2657;6912787,013;27;27
674612,2116;6912785,666;27;27
674915,1575;6912784,335;31;31
675218,1036;6912783,019;28;28
675521,0497;6912781,72;43;43
675823,9958;6912780,437;33;33
676126,942;6912779,169;29;29
676429,8883;6912777,918;37;37
676732,8347;6912776,683;28;28
677035,7811;6912775,463;33;33
677338,7276;6912774,26;29;29
677641,6742;6912773,072;28;28
677944,6208;6912771,901;27;27
678247,5675;6912770,746;27;27
678550,5142;6912769,606;29;29
678853,461;6912768,483;25;25
679156,4079;6912767,375;28;28
679459,3548;6912766,283;31;31
679762,3018;6912765,208;32;32
680065,2488;6912764,148;30;30
680368,1959;6912763,105;29;29
680671,143;6912762,077;29;29
667338,8981;6912359,3;33;33
667641,8665;6912357,585;28;28
667944,8351;6912355,886;39;39
668247,8037;6912354,203;29;29
668550,7724;6912352,536;26;26
668853,7412;6912350,885;28;28
669156,7102;6912349,25;29;29
669459,6791;6912347,631;29;29
669762,6482;6912346,028;29;29
670065,6174;6912344,441;29;29
670368,5866;6912342,87;29;29
670671,5559;6912341,315;32;32
670974,5253;6912339,776;30;30
671277,4948;6912338,253;30;30
671580,4644;6912336,745;30;30
671883,434;6912335,254;29;29
672186,4038;6912333,779;30;30
672489,3736;6912332,32;28;28
672792,3434;6912330,876;29;29
673095,3134;6912329,449;28;28
673398,2834;6912328,038;29;29
673701,2535;6912326,643;34;34
674004,2237;6912325,263;33;33
674307,1939;6912323,9;27;27
674610,1642;6912322,553;22;22
674913,1346;6912321,221;30;30
675216,1051;6912319,906;31;31
675519,0756;6912318,606;36;36
675822,0462;6912317,323;37;37
676125,0169;6912316,056;34;34
676427,9876;6912314,804;32;32
676730,9584;6912313,569;32;32
677033,9293;6912312,349;34;34
677336,9002;6912311,146;30;30
677639,8712;6912309,958;28;28
677942,8422;6912308,786;29;29
678245,8133;6912307,631;30;30
678548,7845;6912306,491;29;29
678851,7557;6912305,368;29;29
679154,727;6912304,26;31;31
679457,6984;6912303,168;29;29
679760,6698;6912302,093;35;35
680063,6412;6912301,033;37;37
680366,6127;6912299,989;39;39
680669,5843;6912298,962;38;38
667033,2716;6911897,923;32;32
667336,2644;6911896,192;29;29
667639,2573;6911894,477;29;29
667942,2503;6911892,778;28;28
668245,2434;6911891,094;28;28
668548,2365;6911889,427;30;30
668851,2298;6911887,776;28;28
669154,2231;6911886,141;30;30
669457,2165;6911884,522;31;31
669760,21;6911882,919;30;30
670063,2036;6911881,331;31;31
670366,1973;6911879,76;32;32
670669,191;6911878,205;30;30
670972,1849;6911876,666;30;30
671275,1788;6911875,142;29;29
671578,1728;6911873,635;28;28
671881,1668;6911872,144;28;28
672184,161;6911870,668;30;30
672487,1552;6911869,209;28;28
672790,1495;6911867,766;29;29
673093,1439;6911866,338;30;30
673396,1384;6911864,927;29;29
673699,1329;6911863,531;28;28
674002,1275;6911862,152;28;28
674305,1222;6911860,789;31;31
674608,1169;6911859,441;32;32
674911,1117;6911858,11;43;43
675214,1066;6911856,794;34;34
677032,0774;6911849,237;37;37
666121,5624;6911440,106;41;41
666424,5794;6911438,327;30;30
666727,5964;6911436,564;29;29
667030,6136;6911434,816;29;29
667333,6308;6911433,085;28;28
667636,6481;6911431,37;29;29
667939,6655;6911429,671;29;29
668242,683;6911427,988;28;28
668545,7006;6911426,32;28;28
668848,7183;6911424,669;28;28
669151,736;6911423,034;27;27
669454,7539;6911421,414;28;28
669757,7718;6911419,811;29;29
670060,7898;6911418,224;29;29
670363,8079;6911416,652;29;29
670666,8261;6911415,097;29;29
670969,8444;6911413,558;29;29
664906,6665;6910984,279;29;29
665209,7075;6910982,436;29;29
665512,7486;6910980,609;28;28
665815,7898;6910978,797;26;26
666118,8311;6910977,002;27;27
666421,8725;6910975,223;28;28
666724,914;6910973,46;29;29
667027,9555;6910971,712;28;28
667330,9972;6910969,981;28;28
667634,0389;6910968,265;30;30
667937,0808;6910966,566;31;31
668240,1227;6910964,883;32;32
668543,1647;6910963,215;30;30
668846,2068;6910961,564;32;32
669149,249;6910959,928;31;31
669452,2913;6910958,309;34;34
660054,8045;6910552,847;43;43
660357,8683;6910550,747;57;57
664297,7069;6910524,913;30;30
664600,7722;6910523,037;28;28
664903,8375;6910521,178;31;31
665206,9029;6910519,335;27;27
665509,9684;6910517,507;27;27
665813,0341;6910515,696;27;27
666116,0998;6910513,9;26;26
666419,1656;6910512,121;30;30
660051,5846;6910089,75;34;34
660354,6728;6910087,651;39;39
660657,7611;6910085,567;38;38
660960,8495;6910083,5;33;33
661263,938;6910081,448;36;36
663688,65;6910065,613;31;31
663991,7395;6910063,705;29;29
664294,829;6910061,814;29;29
664597,9187;6910059,938;37;37
664901,0085;6910058,079;31;31
665204,0983;6910056,235;29;29
665507,1883;6910054,408;27;27
665810,2783;6910052,596;31;31
666113,3685;6910050,8;38;38
660957,7029;6909620,404;34;34
661260,8159;6909618,353;42;42
661563,9289;6909616,317;32;32
661867,0421;6909614,298;29;29
662170,1554;6909612,294;30;30
662473,2687;6909610,307;30;30
662776,3822;6909608,335;29;29
663079,4958;6909606,379;29;29
663382,6095;6909604,44;28;28
663685,7233;6909602,516;28;28
663988,8372;6909600,608;30;30
664291,9512;6909598,717;28;28
664595,0653;6909596,841;28;28
664898,1795;6909594,981;28;28
665201,2937;6909593,138;30;30
661863,9688;6909151,204;31;31
662167,1065;6909149,2;28;28
662470,2443;6909147,212;28;28
662773,3822;6909145,241;30;30
663076,5202;6909143,285;25;25
663379,6584;6909141,345;26;26
663682,7966;6909139,421;29;29
663985,9349;6909137,514;28;28
664289,0733;6909135,622;32;32
664592,2118;6909133,746;25;25
664895,3505;6909131,886;29;29
662164,0577;6908686,108;27;27
662467,2199;6908684,12;28;28
662770,3822;6908682,148;28;28
663073,5447;6908680,193;26;26
663376,7072;6908678,253;27;27
661857,8223;6908225,023;30;30
662161,0088;6908223,018;29;29
662464,1955;6908221,03;28;28
662767,3823;6908219,058;33;33
663070,5691;6908217,102;30;30
663373,7561;6908215,162;37;37
660945,1167;6907768,043;30;30
661248,3273;6907765,991;30;30
661551,5381;6907763,955;29;29
661854,749;6907761,935;28;28
662157,96;6907759,931;28;28
662461,1711;6907757,942;27;27
662764,3823;6907755,97;28;28
663067,5936;6907754,014;28;28
660335,5003;6907309,111;27;27
660638,7352;6907307,027;31;31
660941,9702;6907304,958;29;29
661245,2053;6907302,906;29;29
661548,4405;6907300,869;30;30
661851,6758;6907298,849;30;30
662154,9112;6907296,845;28;28
662458,1467;6907294,856;28;28
660029,0457;6906848,129;26;26
660332,3049;6906846,028;27;27
660635,5642;6906843,943;31;31
660938,8236;6906841,875;28;28
661242,0832;6906839,822;30;30
661545,3428;6906837,786;28;28
657902,8437;6906400,201;30;30
658206,1266;6906397,988;32;32
658509,4095;6906395,791;32;32
658812,6926;6906393,611;32;32
659722,5424;6906387,164;28;28
660025,8259;6906385,048;26;26
660329,1096;6906382,947;29;29
660632,3933;6906380,862;28;28
657596,1458;6905939,352;30;30
657899,453;6905937,123;30;30
658506,0676;6905932,713;31;31
658809,3751;6905930,532;31;31
659112,6827;6905928,368;30;30
659415,9904;6905926,219;31;31
659719,2982;6905924,086;36;36
660022,6062;6905921,969;26;26
660325,9142;6905919,868;29;29
659109,3896;6905465,291;29;29
659412,7218;6905463,142;27;27
659716,054;6905461,009;30;30
660019,3864;6905458,892;29;29
660322,7189;6905456,791;47;47
659409,4532;6905000,068;28;28
659712,8099;6904997,934;28;28
660016,1667;6904995,817;26;26
659406,1846;6904536,995;32;32
659709,5657;6904534,862;30;30
659099,5106;6904076,074;30;30
659402,916;6904073,925;30;30
659706,3216;6904071,791;42;42
658792,7879;6903615,171;30;30
659096,2176;6903613,006;28;28
659399,6475;6903610,856;30;30
658789,4705;6903152,105;28;28
659092,9246;6903149,939;26;26
658482,6746;6902691,223;26;26
658786,1531;6902689,041;27;27
658175,83;6902230,359;28;28
658479,3328;6902228,161;28;28
658782,8357;6902225,978;28;28
655440,7241;6901787,806;39;39
656958,3561;6901776,253;30;30
657261,8828;6901773,991;28;28
657565,4097;6901771,744;30;30
657868,9367;6901769,514;28;28
658172,4638;6901767,299;25;25
658475,991;6901765,101;26;26
654222,937;6901334,281;37;37
654526,4871;6901331,874;34;34
654830,0373;6901329,483;32;32
655133,5876;6901327,108;35;35
656347,7902;6901317,769;28;28
656651,3411;6901315,474;27;27
656954,8922;6901313,196;26;26
657258,4434;6901310,933;19;19
657561,9946;6901308,686;28;28
657865,5461;6901306,456;28;28
658169,0976;6901304,241;31;31
653915,6789;6900873,65;36;36
654219,2533;6900871,227;36;36
654522,8278;6900868,82;35;35
654826,4024;6900866,429;33;33
655129,9772;6900864,054;27;27
655433,5521;6900861,695;27;27
655737,1271;6900859,352;28;28
656040,7022;6900857,025;29;29
656344,2774;6900854,714;24;24
656647,8528;6900852,419;26;26
656951,4283;6900850,14;29;29
657255,0039;6900847,877;30;30
657558,5796;6900845,63;27;27
653911,9708;6900410,598;29;29
654215,5696;6900408,175;26;26
654519,1685;6900405,768;24;24
654822,7676;6900403,377;24;24
655126,3667;6900401,002;26;26
655429,966;6900398,642;26;26
655733,5655;6900396,299;24;24
656037,165;6900393,972;29;29
656340,7647;6900391,661;27;27
653908,2627;6899947,549;25;25
654211,8859;6899945,125;25;25
654515,5092;6899942,718;25;25
654819,1327;6899940,327;25;25
655122,7563;6899937,951;25;25
655426,3801;6899935,592;26;26
655730,0039;6899933,248;32;32
656033,6279;6899930,921;28;28
656337,252;6899928,61;31;31
656640,8762;6899926,315;35;35
656944,5005;6899924,035;36;36
657855,3743;6899917,294;31;31
653904,5545;6899484,501;25;25
654208,2022;6899482,077;25;25
654511,85;6899479,67;23;23
654815,4979;6899477,278;26;26
655119,1459;6899474,903;28;28
655422,7941;6899472,543;31;31
655726,4423;6899470,2;27;27
656030,0908;6899467,872;25;25
656333,7393;6899465,561;29;29
656637,3879;6899463,265;28;28
656941,0367;6899460,986;29;29
657244,6856;6899458,722;29;29
657548,3346;6899456,475;33;33
657851,9837;6899454,243;40;40
653900,8464;6899021,455;26;26
654204,5185;6899019,031;27;27
654508,1907;6899016,624;26;26
654811,8631;6899014,232;31;31
656330,2266;6899002,513;27;27
656633,8997;6899000,218;30;30
656937,5729;6898997,938;31;31
657241,2462;6898995,674;33;33
653897,1384;6898558,412;25;25
654200,8349;6898555,987;25;25
654504,5315;6898553,579;26;26
653893,4303;6898095,37;27;27
654197,1512;6898092,945;26;26
653889,7222;6897632,33;27;27
654193,4676;6897629,905;30;30
653886,0142;6897169,292;24;24
654189,784;6897166,867;26;26
653578,5121;6896708,696;31;31
653882,3062;6896706,256;24;24
654186,1004;6896703,831;31;31
653270,9613;6896248,12;27;27
653574,7797;6896245,662;24;24
653878,5982;6896243,221;25;25
654182,4168;6896240,796;39;39
654486,2356;6896238,388;38;38
654790,0545;6896235,995;40;40
655093,8735;6896233,618;39;39
655397,6926;6896231,257;45;45
655701,5119;6896228,912;42;42
656005,3313;6896226,583;41;41
648101,8974;6895829,313;30;30
648405,7378;6895826,583;30;30
648709,5785;6895823,87;31;31
649013,4192;6895821,172;29;29
649317,2601;6895818,49;30;30
649621,1012;6895815,825;32;32
649924,9424;6895813,175;32;32
650228,7837;6895810,542;30;30
650532,6252;6895807,924;31;31
650836,4668;6895805,323;31;31
651140,3085;6895802,737;30;30
651444,1504;6895800,168;29;29
651747,9924;6895797,614;31;31
652051,8345;6895795,077;29;29
652355,6768;6895792,556;33;33
652659,5192;6895790,05;30;30
652963,3618;6895787,561;28;28
653267,2044;6895785,088;25;25
653571,0472;6895782,63;25;25
653874,8902;6895780,189;24;24
654178,7332;6895777,764;24;24
654482,5764;6895775,355;23;23
654786,4197;6895772,962;24;24
655090,2632;6895770,585;31;31
655394,1067;6895768,224;31;31
655697,9504;6895765,879;37;37
656001,7943;6895763,55;39;39
656305,6382;6895761,237;36;36
656609,4822;6895758,94;40;40
656913,3264;6895756,659;37;37
646882,2671;6895377,367;30;30
647186,1315;6895374,573;27;27
647489,9959;6895371,795;27;27
647793,8605;6895369,033;28;28
648097,7253;6895366,287;24;24
648401,5902;6895363,557;27;27
648705,4553;6895360,843;23;23
649009,3204;6895358,145;22;22
649313,1858;6895355,463;31;31
649617,0512;6895352,797;25;25
649920,9169;6895350,148;25;25
650224,7826;6895347,514;26;26
650528,6485;6895344,896;29;29
650832,5145;6895342,294;31;31
651136,3807;6895339,709;31;31
651440,247;6895337,139;30;30
651744,1134;6895334,585;28;28
652047,98;6895332,048;27;27
652351,8467;6895329,526;28;28
652655,7135;6895327,021;23;23
652959,5805;6895324,531;26;26
653263,4476;6895322,058;25;25
653567,3148;6895319,6;23;23
653871,1822;6895317,159;26;26
654175,0497;6895314,734;34;34
654478,9173;6895312,324;37;37
654782,785;6895309,931;24;24
655086,6529;6895307,554;32;32
655390,5209;6895305,192;25;25
655694,389;6895302,847;28;28
655998,2573;6895300,518;28;28
656302,1256;6895298,205;30;30
656605,9941;6895295,908;32;32
656909,8627;6895293,627;34;34
657213,7314;6895291,361;36;36
646270,2203;6894919,98;29;29
646574,1088;6894917,154;27;27
646877,9974;6894914,343;27;27
647181,8861;6894911,549;26;26
647485,775;6894908,771;26;26
647789,6641;6894906,008;26;26
648093,5533;6894903,262;25;25
648397,4426;6894900,532;28;28
648701,3321;6894897,818;25;25
649005,2217;6894895,12;26;26
649309,1114;6894892,438;25;25
649613,0013;6894889,772;26;26
649916,8914;6894887,122;27;27
650220,7815;6894884,488;23;23
650524,6719;6894881,87;24;24
650828,5623;6894879,268;25;25
651132,4529;6894876,682;26;26
651436,3436;6894874,112;30;30
651740,2345;6894871,558;26;26
652044,1255;6894869,021;25;25
652348,0166;6894866,499;23;23
652651,9079;6894863,993;26;26
652955,7993;6894861,503;24;24
653259,6908;6894859,03;24;24
653563,5825;6894856,572;27;27
653867,4742;6894854,131;25;25
654171,3662;6894851,705;29;29
654475,2582;6894849,295;36;36
654779,1504;6894846,902;36;36
655083,0427;6894844,524;27;27
655386,9351;6894842,163;25;25
655690,8276;6894839,818;26;26
655994,7203;6894837,488;30;30
656298,6131;6894835,175;30;30
656602,506;6894832,878;29;29
656906,399;6894830,596;32;32
657210,2922;6894828,331;35;35
645658,0765;6894462,66;31;31
645961,989;6894459,801;30;30
646265,9018;6894456,959;30;30
646569,8146;6894454,132;29;29
646873,7277;6894451,322;28;28
647177,6408;6894448,527;27;27
647481,5542;6894445,749;27;27
647785,4676;6894442,986;27;27
648089,3812;6894440,24;24;24
649912,8659;6894424,098;23;23
650216,7805;6894421,464;23;23
650520,6952;6894418,846;27;27
650824,6101;6894416,244;27;27
651128,5251;6894413,657;24;24
651432,4403;6894411,087;25;25
651736,3556;6894408,533;25;25
652040,271;6894405,995;25;25
652344,1865;6894403,473;27;27
652648,1022;6894400,967;28;28
652952,0181;6894398,478;29;29
653255,934;6894396,004;25;25
653559,8501;6894393,546;24;24
653863,7663;6894391,104;24;24
654167,6826;6894388,678;33;33
654471,5991;6894386,269;29;29
654775,5157;6894383,875;37;37
655079,4324;6894381,497;28;28
655383,3493;6894379,136;28;28
655687,2662;6894376,79;27;27
645349,7722;6894002,516;29;29
645653,709;6893999,641;29;29
645957,646;6893996,782;26;26
646261,5832;6893993,939;26;26
646565,5205;6893991,113;23;23
646869,4579;6893988,302;25;25
647173,3955;6893985,507;25;25
647477,3333;6893982,728;25;25
650820,6579;6893953,221;24;24
651124,5974;6893950,635;24;24
651428,5369;6893948,064;23;23
651732,4767;6893945,51;23;23
652036,4165;6893942,972;24;24
652340,3565;6893940,45;24;24
652644,2966;6893937,944;23;23
652948,2368;6893935,454;24;24
653252,1772;6893932,98;26;26
653556,1177;6893930,522;23;23
653860,0584;6893928,08;28;28
654163,9991;6893925,654;34;34
654467,94;6893923,244;31;31
654771,881;6893920,85;23;23
644737,4583;6893545,298;30;30
645041,4193;6893542,391;25;25
645345,3804;6893539,499;30;30
645649,3417;6893536,624;28;28
645953,3031;6893533,765;26;26
646257,2647;6893530,922;26;26
646561,2264;6893528,095;21;21
646865,1883;6893525,284;27;27
651728,5978;6893482,489;22;22
652032,562;6893479,951;23;23
652336,5264;6893477,428;23;23
652640,491;6893474,922;23;23
652944,4557;6893472,432;25;25
653248,4205;6893469,957;29;29
644125,0473;6893088,146;36;36
644429,0324;6893085,207;25;25
644733,0176;6893082,283;23;23
645037,003;6893079,376;24;24
645340,9886;6893076,485;25;25
645644,9743;6893073,609;27;27
645948,9601;6893070,75;28;28
646252,9461;6893067,907;25;25
646556,9323;6893065,079;25;25
643512,5393;6892631,062;31;31
643816,5485;6892628,09;23;23
644120,5578;6892625,134;21;21
644424,5673;6892622,195;22;22
644728,577;6892619,271;23;23
645032,5868;6892616,363;22;22
645336,5968;6892613,472;22;22
645640,6069;6892610,596;23;23
645944,6172;6892607,737;35;35
646248,6276;6892604,893;36;36
642899,9342;6892174,045;31;31
643203,9675;6892171,041;28;28
643508,001;6892168,053;23;23
643812,0346;6892165,081;26;26
644116,0684;6892162,124;27;27
644420,1023;6892159,185;41;41
644724,1364;6892156,261;28;28
645028,1706;6892153,353;29;29
645332,205;6892150,461;37;37
645636,2396;6892147,585;35;35
645940,2743;6892144,725;28;28
642591,2895;6891714,058;27;27
642895,347;6891711,038;28;28
643199,4048;6891708,033;28;28
643503,4627;6891705,045;29;29
643807,5207;6891702,073;29;29
644111,5789;6891699,116;41;41
644415,6373;6891696,176;40;40
644719,6958;6891693,252;44;44
645023,7544;6891690,344;34;34
645327,8133;6891687,452;35;35
645631,8722;6891684,576;24;24
642586,6779;6891251,053;26;26
642890,7599;6891248,032;31;31
643194,8421;6891245,028;30;30
643498,9244;6891242,039;29;29
643803,0068;6891239,067;31;31
644107,0895;6891236,11;39;39
644411,1723;6891233,17;42;42
644715,2552;6891230,245;41;41
642582,0664;6890788,05;33;33
642886,1728;6890785,029;28;28
643190,2794;6890782,024;29;29
643494,3861;6890779,035;29;29
643798,493;6890776,063;35;35
642273,3242;6890328,086;27;27
642577,4549;6890325,049;29;29
642881,5857;6890322,028;28;28
643185,7167;6890319,023;31;31
641964,5333;6889868,14;32;32
642268,6882;6889865,087;25;25
642572,8434;6889862,049;28;28
642876,9986;6889859,028;30;30
641959,873;6889405,143;26;26
642264,0523;6889402,09;22;22
642568,2319;6889399,052;27;27
642872,4116;6889396,03;38;38
641955,2127;6888942,148;27;27
642259,4165;6888939,094;23;23
642563,6204;6888936,056;32;32
641950,5524;6888479,155;24;24
642254,7806;6888476,101;23;23
641945,8921;6888016,164;32;32
641941,2319;6887553,174;28;28
641936,5716;6887090,187;36;36
684635,5253;6922476,085;31;31
684937,9601;6922475,283;33;33
685240,3949;6922474,496;35;35
685542,8297;6922473,725;36;36
684331,825;6922013,744;29;29
684634,2841;6922012,926;33;33
684936,7433;6922012,123;34;34
685239,2025;6922011,337;36;36
684028,0757;6921551,422;38;38
684330,5593;6921550,587;31;31
684633,0429;6921549,769;35;35
684935,5265;6921548,966;34;34
685238,0101;6921548,179;35;35
684026,7857;6921088,267;30;30
684329,2936;6921087,432;33;33
684631,8016;6921086,614;32;32
684934,3097;6921085,811;33;33
683722,9632;6920625,965;31;31
684025,4956;6920625,114;27;27
684328,028;6920624,279;31;31
684630,5604;6920623,461;38;38
684933,0929;6920622,658;34;34
683721,6487;6920162,814;30;30
684024,2055;6920161,963;31;31
684326,7623;6920161,128;30;30
684629,3192;6920160,31;33;33
683417,753;6919700,532;31;31
683720,3342;6919699,665;32;32
684022,9154;6919698,814;33;33
684325,4967;6919697,98;31;31
684628,078;6919697,161;32;32
683113,8085;6919238,268;31;31
683416,4141;6919237,385;32;32
683719,0197;6919236,519;30;30
684021,6253;6919235,668;29;29
684324,231;6919234,833;37;37
684626,8368;6919234,014;34;34
684929,4426;6919233,211;45;45
685232,0484;6919232,424;48;48
685534,6542;6919231,653;49;49
682809,8152;6918776,023;30;30
683112,4452;6918775,124;31;31
683415,0752;6918774,241;32;32
683717,7052;6918773,374;32;32
684020,3353;6918772,523;43;43
684322,9654;6918771,688;46;46
685533,4863;6918768,508;43;43
682505,7731;6918313,795;31;31
682808,4274;6918312,88;29;29
683111,0818;6918311,981;31;31
683413,7362;6918311,098;29;29
683716,3907;6918310,231;41;41
684019,0452;6918309,38;46;46
684321,6998;6918308,545;40;40
681899,0035;6917852,533;35;35
682201,6822;6917851,586;31;31
682504,3609;6917850,655;34;34
682807,0397;6917849,74;30;30
683109,7185;6917848,841;33;33
683412,3973;6917847,958;30;30
683715,0762;6917847,091;32;32
684017,7552;6917846,24;32;32
684320,4341;6917845,405;38;38
681594,8394;6917390,358;33;33
681897,5425;6917389,395;32;32
682200,2455;6917388,448;32;32
682502,9487;6917387,517;32;32
682805,6519;6917386,602;30;30
683108,3551;6917385,703;30;30
683411,0584;6917384,82;31;31
683713,7617;6917383,952;30;30
684016,4651;6917383,101;32;32
681290,6265;6916928,201;32;32
681593,3539;6916927,222;36;36
681896,0814;6916926,259;33;33
682198,8089;6916925,312;32;32
682501,5365;6916924,381;34;34
682804,2641;6916923,465;33;33
683106,9918;6916922,566;34;34
683409,7195;6916921,683;39;39
683712,4473;6916920,816;35;35
684015,1751;6916919,965;36;36
684317,9029;6916919,13;35;35
684923,3588;6916917,507;42;42
685226,0867;6916916,72;47;47
685528,8148;6916915,948;45;45
685831,5428;6916915,193;46;46
686134,2709;6916914,453;50;50
680986,3648;6916466,062;33;33
681289,1166;6916465,067;31;31
681591,8684;6916464,088;30;30
681894,6203;6916463,125;31;31
682197,3723;6916462,178;32;32
682500,1243;6916461,246;31;31
682802,8764;6916460,331;36;36
683105,6285;6916459,432;45;45
683408,3806;6916458,549;35;35
683711,1328;6916457,682;38;38
684013,885;6916456,83;48;48
684316,6373;6916455,995;45;45
684619,3896;6916455,176;49;49
684922,142;6916454,372;53;53
685224,8944;6916453,585;53;53
685527,6469;6916452,813;53;53
685830,3994;6916452,058;53;53
686133,1519;6916451,319;54;54
680984,8304;6916002,93;32;32
681287,6067;6916001,935;31;31
681590,383;6916000,956;29;29
681893,1593;6915999,993;30;30
682195,9357;6915999,046;31;31
682498,7121;6915998,114;37;37
682801,4886;6915997,199;40;40
683104,2651;6915996,3;36;36
683407,0417;6915995,417;46;46
683709,8183;6915994,549;46;46
684012,595;6915993,698;46;46
684315,3717;6915992,863;38;38
684618,1485;6915992,043;49;49
684920,9253;6915991,24;51;51
685223,7021;6915990,452;55;55
680983,2961;6915539,801;29;29
681286,0968;6915538,805;30;30
681588,8975;6915537,826;31;31
681891,6982;6915536,863;41;41
682194,4991;6915535,916;50;50
682497,2999;6915534,984;38;38
682800,1008;6915534,069;46;46
683102,9018;6915533,17;43;43
683708,5039;6915531,419;49;49
684011,305;6915530,568;49;49
680981,7618;6915076,673;30;30
681284,5869;6915075,678;30;30
681587,412;6915074,698;33;33
681890,2372;6915073,735;47;47
682193,0625;6915072,788;45;45
682495,8878;6915071,856;48;48
682798,7131;6915070,941;46;46
680980,2275;6914613,547;31;31
681283,077;6914612,552;31;31
681585,9266;6914611,573;31;31
681888,7762;6914610,609;31;31
682191,6259;6914609,662;46;46
680978,6931;6914150,424;29;29
681281,5671;6914149,428;30;30
681584,4411;6914148,449;31;31
681887,3152;6914147,486;36;36
683704,5605;6914142,04;41;41
680977,1588;6913687,302;34;34
681280,0572;6913686,307;28;28
681582,9557;6913685,327;34;34
681885,8541;6913684,364;43;43
682188,7527;6913683,416;45;45
683097,4486;6913680,669;47;47
683400,3473;6913679,786;48;48
680975,6245;6913224,183;30;30
681278,5473;6913223,187;30;30
681581,4702;6913222,208;33;33
681884,3931;6913221,244;33;33
682187,3161;6913220,296;32;32
682490,2391;6913219,365;35;35
682793,1622;6913218,449;48;48
683096,0853;6913217,549;35;35
683399,0085;6913216,666;41;41
683701,9317;6913215,798;62;62
680974,0902;6912761,065;36;36
681277,0375;6912760,07;40;40
681579,9848;6912759,09;36;36
681882,9321;6912758,126;41;41
682185,8795;6912757,179;33;33
682488,827;6912756,247;37;37
682791,7745;6912755,331;35;35
683094,722;6912754,431;41;41
683397,6696;6912753,548;37;37
680972,5559;6912297,95;36;36
681275,5276;6912296,954;36;36
681578,4993;6912295,974;34;34
681881,4711;6912295,011;39;39
682184,443;6912294,063;34;34
682487,4148;6912293,131;38;38
682790,3868;6912292,215;37;37
683093,3587;6912291,315;33;33
683396,3308;6912290,432;34;34
