X;Y;Thickness;Thickness_1 
637320;6885305;7;7
637170;6885444;7;7
637258;6885437;7;7
656293;6900519;10,5;10,5
656818;6901434;7,6;7,6
656423;6900427;5;5
657579;6899817;8;8
657777;6900036;9,8;9,8
656284;6899448;5,5;5,5
655715;6900609;9;9
655485;6900745;9,6;9,6
654835;6901381;8,35;8,35
654195;6899556;7,7;7,7
655210;6899684;2,5;2,5
655475;6900746;11;11
654740;6900152;8,6;8,6
655794;6900653;8;8
655695;6900744;8;8
655675;6900774;7,9;7,9
655525;6900765;10,8;10,8
655475;6900706;8;8
654344;6899495;6,4;6,4
654708;6899972;9,5;9,5
656336;6899663;5;5
656212;6900299;8;8
656003;6900451;7;7
654998;6899909;6;6
654767;6899821;7,7;7,7
654777;6899831;7,5;7,5
654937;6899810;1,2;1,2
655211;6901428;1,8;1,8
655517;6900995;2,6;2,6
655497;6900985;2,5;2,5
655367;6900976;4,2;4,2
655616;6900874;2,6;2,6
655471;6900856;5,5;5,5
653971;6897967;10,8;10,8
654385;6898384;6,5;6,5
655988;6899184;1,4;1,4
655173;6899288;2,8;2,8
654217;6897495;4,5;4,5
652502;6895709;1,7;1,7
653667;6894373;5,6;5,6
653118;6894043;8;8
655040;6895290;1,8;1,8
653099;6895384;7,6;7,6
652337;6893654;3,8;3,8
650125;6894939;7,2;7,2
648197;6895245;8,5;8,5
647497;6894136;10;10
647336;6894022;10;10
644443;6892566;11,25;11,25
645810;6892094;11,4;11,4
646147;6892992;11,9;11,9
645796;6892775;10,9;10,9
645913;6893094;11,9;11,9
645949;6893133;9,4;9,4
645894;6893174;11,75;11,75
645669;6893196;12;12
646097;6893512;10,8;10,8
645750;6892735;6,3;6,3
645665;6892756;10,15;10,15
645876;6892874;8;8
645937;6892953;10,8;10,8
645902;6892959;11,9;11,9
645997;6892983;11,5;11,5
645917;6892994;12,05;12,05
645908;6893034;11,8;11,8
645962;6893528;9,6;9,6
646022;6893493;9,3;9,3
645961;6893473;9,6;9,6
645921;6893394;8,5;8,5
646036;6893393;8,75;8,75
645900;6893334;8,7;8,7
645920;6893284;8,1;8,1
645960;6893283;8,3;8,3
645658;6893096;1,6;1,6
645778;6893095;11,4;11,4
645863;6893094;11,72;11,72
645888;6893124;10,3;10,3
645818;6893124;11,4;11,4
645779;6893145;11,4;11,4
645779;6893155;11,5;11,5
645819;6893144;10,5;10,5
645914;6893144;10,3;10,3
645859;6893164;11,3;11,3
645869;6893174;11;11
645839;6893174;11,95;11,95
645884;6893204;9,4;9,4
645839;6893204;10,95;10,95
645869;6893224;9,9;9,9
645454;6892547;1;1
642505;6890464;9;9
642302;6890088;11;11
642492;6890021;3;3
642300;6889863;11,25;11,25
642310;6889823;11;11
642410;6889762;1,6;1,6
641120;6886222;13;13
641019;6886148;10;10
639964;6885532;12;12
639889;6885492;12;12
635925;6884515;11;11
635445;6884499;11,9;11,9
635262;6884160;12,5;12,5
635279;6883840;12,5;12,5
635344;6883219;8,12;8,12
634134;6883239;13;13
634384;6882655;6,5;6,5
633409;6880776;10,2;10,2
633131;6880517;13;13
632903;6880729;3;3
632794;6880780;4,2;4,2
632532;6880632;7,8;7,8
632580;6880342;6,7;6,7
632529;6880232;13,2;13,2
632270;6880344;12,5;12,5
631841;6880528;9;9
632024;6880816;10;10
631633;6880760;6;6
631836;6881048;9,5;9,5
631587;6881230;10,5;10,5
631577;6881250;9,5;9,5
631476;6881161;11;11
631476;6881151;11;11
631208;6881353;13,2;13,2
631341;6881692;6;6
631161;6881714;13,3;13,3
631080;6881634;9,6;9,6
631874;6881431;3,5;3,5
630754;6882087;11;11
630840;6882767;12;12
630607;6882443;10,9;10,9
630469;6882750;4,5;4,5
630286;6882281;8,4;8,4
629715;6882176;12,2;12,2
629524;6882137;12,2;12,2
629450;6881678;15,4;15,4
630424;6882050;9,3;9,3
630702;6881901;10,2;10,2
630652;6881848;9,6;9,6
630380;6881630;11,2;11,2
631029;6881425;12;12
630956;6881095;3,6;3,6
630326;6881140;11;11
630159;6881482;11,4;11,4
629685;6881179;10,2;10,2
629883;6880804;11,2;11,2
630322;6880590;10;10
630844;6880856;3,6;3,6
630581;6880917;5;5
630712;6880597;5,5;5,5
630799;6880306;3;3
630927;6880015;11;11
631065;6879804;10,6;10,6
631095;6879774;11,8;11,8
630974;6879655;12,7;12,7
631464;6879601;13,34;13,34
631425;6879148;2,5;2,5
632153;6878325;13,62;13,62
631964;6877227;12,8;12,8
631774;6877208;14,4;14,4
631933;6877117;13,7;13,7
631890;6877085;13,8;13,8
631913;6877067;15,5;15,5
631863;6877117;15,5;15,5
632093;6878316;5,78;5,78
632043;6878306;14,14;14,14
631987;6881257;3,6;3,6
633252;6880526;15;15
633373;6880735;12;12
633919;6881411;7,2;7,2
633845;6881532;7;7
633944;6882011;12,2;12,2
634165;6882149;8;8
634366;6882287;5,5;5,5
634197;6882349;7,5;7,5
634007;6882450;8,9;8,9
634198;6882559;7;7
634409;6882637;9,2;9,2
634270;6882768;8,65;8,65
634575;6883336;9,4;9,4
635784;6884386;10;10
639616;6885734;6,8;6,8
639905;6885602;11,44;11,44
639855;6885662;9,86;9,86
639895;6885712;12;12
639936;6885742;15;15
639990;6885701;10,1;10,1
640045;6885671;8,35;8,35
640105;6885700;7,8;7,8
639996;6885751;10;10
640026;6885771;8,8;8,8
639967;6885872;5,25;5,25
639937;6885902;12;12
641130;6886217;13,5;13,5
641125;6886222;14,6;14,6
641170;6886222;14,6;14,6
641130;6886242;9,26;9,26
641120;6886247;9,6;9,6
641663;6887798;7;7
641623;6887808;9;9
641603;6887808;8;8
658486;6901880;8,7;8,7
658372;6902672;13;13
658995;6902937;9,3;9,3
660114;6905138;9;9
659149;6905856;13;13
659419;6905824;13;13
660114;6905138;9;9
661479;6906867;11,9;11,9
661081;6907190;13,8;13,8
660624;6907504;13,5;13,5
661649;6906905;14,75;14,75
661683;6907335;7,1;7,1
661955;6907043;9,55;9,55
662002;6907213;13,6;13,6
662262;6907160;8;8
662231;6907101;11,7;11,7
662948;6907845;7,1;7,1
663411;6908221;11,7;11,7
663534;6908530;5;5
663474;6908561;8;8
661072;6909661;8,5;8,5
662382;6909560;5,4;5,4
664281;6909374;5,45;5,45
664306;6909934;8;8
669343;6911742;7;7
671049;6912347;5,7;5,7
673205;6912959;5,99;5,99
672306;6915448;4,5;4,5
671853;6915142;4,5;4,5
674394;6913289;8;8
677025;6911842;4;4
679772;6912312;13;13
679784;6912492;9,48;9,48
680136;6912689;9;9
680450;6912056;2,5;2,5
681462;6913358;6,45;6,45
682378;6916252;9,6;9,6
682639;6916369;8,6;8,6
682340;6916572;2;2
682300;6916592;5,1;5,1
682481;6916681;6;6
682761;6916628;9;9
682893;6916807;7,6;7,6
682844;6916968;7,8;7,8
682014;6916995;5,6;5,6
682126;6917204;3,25;3,25
682606;6917220;6,1;6,1
682247;6917383;11;11
682790;6917709;5,9;5,9
685231;6922311;7;7
689942;6926701;7,05;7,05
691361;6930000;5,2;5,2
691794;6930267;10,5;10,5
692384;6930212;4,5;4,5
692486;6930431;5,8;5,8
694894;6933531;4,3;4,3
695522;6934336;10,1;10,1
696951;6937596;3,7;3,7
701365;6941169;11,2;11,2
705138;6942282;8,75;8,75
716842;6945285;7,4;7,4
716711;6946327;6,6;6,6
719459;6948033;6,4;6,4
719788;6947930;6,6;6,6
720543;6948464;9;9
720415;6948685;6,2;6,2
721289;6949068;6,4;6,4
721560;6949115;6,6;6,6
721831;6949183;6,7;6,7
722102;6949280;6,3;6,3
722332;6949318;7;7
722443;6949378;6,6;6,6
722592;6949326;6,4;6,4
723616;6949607;6,8;6,8
723966;6949644;7;7
724147;6949722;9,4;9,4
724397;6949690;7,6;7,6
724668;6949768;8;8
725018;6949745;7,8;7,8
725168;6949763;8,2;8,2
725479;6949790;7,8;7,8
725659;6949829;7,6;7,6
726020;6949866;8,2;8,2
726180;6949854;5,6;5,6
726300;6949863;6,2;6,2
726400;6949882;6,4;6,4
726541;6951032;12;12
724247;6949732;8,2;8,2
724347;6949741;2,4;2,4
722953;6950454;6,85;6,85
724466;6950730;11,13;11,13
725075;6950525;8,5;8,5
724965;6950516;10;10
724007;6949734;7,35;7,35
723585;6949587;2,2;2,2
723285;6949211;6,2;6,2
723162;6949129;6,2;6,2
723082;6949141;5,6;5,6
722952;6949129;6;6
722828;6949118;5,6;5,6
722771;6949012;7,6;7,6
722902;6949023;6,3;6,3
723017;6949034;7,3;7,3
723169;6949049;5,7;5,7
723294;6949062;6,7;6,7
723420;6949074;8,2;8,2
723571;6949088;6,7;6,7
723821;6949115;7,8;7,8
723588;6948937;8,7;8,7
723482;6948937;7,5;7,5
723309;6948913;8;8
723216;6948857;6,4;6,4
723109;6948889;7,2;7,2
722966;6948926;6,8;6,8
722845;6948917;6,7;6,7
722974;6948826;7,4;7,4
723119;6948768;7,4;7,4
723317;6948762;8;8
723443;6948821;8;8
723604;6948785;6,8;6,8
724085;6948402;7;7
723542;6947627;8,25;8,25
723513;6947046;2,2;2,2
722754;6949445;3,2;3,2
722432;6949348;2,4;2,4
721737;6948578;8;8
721648;6951176;12,43;12,43
721609;6951206;3,9;3,9
721658;6951176;3,2;3,2
721588;6951121;2,8;2,8
721728;6951145;3,2;3,2
721709;6951205;4,4;4,4
721593;6951677;3,81;3,81
721127;6952161;3,9;3,9
721592;6948304;9,5;9,5
721711;6948401;8,7;8,7
721607;6948501;9,3;9,3
721625;6948633;8;8
721714;6948793;6,7;6,7
721779;6948922;5,8;5,8
721560;6949155;7,6;7,6
721535;6949150;7,6;7,6
721647;6948992;6,8;6,8
721574;6948922;8,7;8,7
721503;6948849;7;7
721498;6948729;6,3;6,3
721558;6948668;7,2;7,2
721412;6948788;7,4;7,4
721333;6948724;6;6
721267;6948742;7,2;7,2
721266;6948708;7,4;7,4
721253;6948825;7,8;7,8
721373;6949537;6,5;6,5
721003;6949521;7,25;7,25
721253;6949458;6,3;6,3
720962;6949371;8,24;8,24
720750;6949193;5,15;5,15
720750;6949193;7;7
720649;6949113;5,16;5,16
720568;6949044;8,6;8,6
720369;6949106;11;11
720309;6949126;8;8
720377;6948866;9,8;9,8
720236;6948777;5,13;5,13
720256;6948797;5,15;5,15
720256;6948797;7,2;7,2
720253;6948794;5,4;5,4
720723;6948412;7,6;7,6
720533;6948494;9;9
720054;6948608;5,15;5,15
720054;6948608;8,4;8,4
719711;6948321;5,08;5,08
719711;6948321;6,8;6,8
719789;6948229;7,1;7,1
719903;6948103;6;6
719754;6948047;7,2;7,2
719349;6948054;6,5;6,5
718439;6947032;6;6
718404;6947037;4,1;4,1
718268;6946923;4,2;4,2
718122;6946829;4,2;4,2
717582;6946344;5,2;5,2
717174;6945997;5,3;5,3
715606;6944802;2,8;2,8
715581;6944858;1,1;1,1
716862;6945215;8,2;8,2
716841;6945175;5,5;5,5
716140;6945061;8,5;8,5
716273;6944914;9;9
716260;6944967;9;9
717688;6944757;12,5;12,5
716626;6945717;7,4;7,4
716595;6945677;8,2;8,2
716389;6945017;9;9
716365;6945036;9;9
716967;6945834;6;6
716484;6945518;7;7
715648;6944871;0,4;0,4
715518;6944786;1,9;1,9
716893;6946515;14,3;14,3
716458;6944848;10,78;10,78
714655;6944674;7,65;7,65
712505;6942897;4;4
712498;6942922;6,2;6,2
712307;6942784;6,8;6,8
712940;6942223;8;8
711985;6943772;5;5
709332;6942490;4,3;4,3
708929;6942123;7,3;7,3
708989;6942143;7;7
705846;6942050;6;6
705145;6941977;6,3;6,3
703796;6941058;6,9;6,9
702508;6939098;5,1;5,1
701532;6941151;5,5;5,5
700989;6940422;5,5;5,5
700423;6940976;4;4
700224;6941076;4;4
700063;6941002;4;4
699831;6941893;5,6;5,6
699845;6941868;4,5;4,5
699693;6940989;4;4
700059;6940000;5,1;5,1
700044;6940030;4,6;4,6
700034;6940010;4,6;4,6
700269;6939388;1,4;1,4
700071;6939640;2,5;2,5
697654;6940181;1,7;1,7
697631;6939629;1,8;1,8
697784;6939587;4,6;4,6
697953;6939561;2,5;2,5
698229;6939506;6;6
698288;6939459;5,3;5,3
698050;6939403;4,3;4,3
697866;6939447;2;2
697688;6939451;5;5
697961;6939299;2,2;2,2
697874;6939177;2;2
697716;6939180;5;5
697785;6939053;2,1;2,1
697713;6938930;5;5
697642;6938821;5;5
697651;6938600;8,12;8,12
697972;6938919;8,2;8,2
697397;6938074;11;11
697241;6937588;10,5;10,5
697449;6937371;4,75;4,75
697556;6935880;6;6
697150;6937484;6,8;6,8
697118;6937184;3;3
697154;6937240;10,5;10,5
697078;6937185;3,5;3,5
696998;6937195;4,5;4,5
697402;6935971;10,4;10,4
696950;6935227;8,4;8,4
696654;6934630;7,1;7,1
696471;6934225;7,2;7,2
696150;6934095;7,3;7,3
695944;6933392;5;5
696368;6932768;6;6
695698;6933925;7,2;7,2
695701;6933924;12,9;12,9
695508;6933966;7,7;7,7
695529;6933976;7,7;7,7
695468;6933912;5,2;5,2
695502;6934317;3,55;3,55
695532;6934356;8,45;8,45
695552;6934376;5,1;5,1
695602;6934320;7;7
695380;6934128;7,5;7,5
695340;6934128;7,7;7,7
695330;6934128;7,7;7,7
695301;6934248;7,7;7,7
695372;6934358;7,7;7,7
695068;6933764;4,6;4,6
695124;6934030;8,8;8,8
695124;6934030;7,8;7,8
695502;6934417;7,7;7,7
694701;6934294;8,8;8,8
694731;6934273;8,6;8,6
694731;6934323;7,9;7,9
694781;6934263;8,3;8,3
694700;6934224;9,1;9,1
694661;6934264;8,7;8,7
694171;6933536;7,1;7,1
694580;6933640;5,7;5,7
694831;6933702;8,1;8,1
694983;6933341;3;3
694914;6933451;6;6
694894;6933451;6;6
694944;6933531;3,5;3,5
694934;6933531;6;6
694813;6933332;4;4
695380;6931826;1,2;1,2
693442;6933344;8,9;8,9
693387;6933385;10;10
693442;6933384;11,2;11,2
693348;6932807;7;7
692885;6932549;7,5;7,5
693046;6932377;6,1;6,1
692943;6932393;9;9
692897;6932214;9,1;9,1
692850;6932103;4;4
693310;6932024;6,6;6,6
692711;6931835;7,5;7,5
692605;6931626;8,75;8,75
692865;6931438;4,1;4,1
692954;6931327;5;5
692494;6931400;10,5;10,5
692321;6931083;7,2;7,2
692357;6931159;11,2;11,2
692231;6931158;4;4
692138;6930948;5,7;5,7
693339;6929623;4;4
691592;6929955;5;5
691789;6930892;3;3
691822;6930711;5;5
691579;6930725;3;3
691567;6930609;8,15;8,15
691291;6930145;5,4;5,4
691090;6929850;10;10
691165;6930462;8,05;8,05
691616;6928757;8;8
690640;6928946;5,5;5,5
690949;6928653;6,5;6,5
690613;6928626;8,3;8,3
690514;6928408;4,3;4,3
691099;6928047;4,6;4,6
691517;6927793;4,8;4,8
691191;6927616;4;4
690915;6927548;4,4;4,4
690290;6928233;10,5;10,5
690107;6928400;5,6;5,6
690423;6927988;4,9;4,9
690389;6927882;10;10
691231;6927344;8;8
691058;6927302;3,6;3,6
690636;6927115;4,8;4,8
690396;6927499;6;6
690225;6926994;6,1;6,1
690236;6927000;5,2;5,2
690237;6927010;6,5;6,5
690124;6926899;8,1;8,1
690074;6926950;5,3;5,3
690178;6926748;5,5;5,5
690015;6926578;7,5;7,5
690261;6926628;1,5;1,5
689910;6926497;9,1;9,1
689711;6926361;11;11
689473;6926370;8,2;8,2
689699;6925848;4,5;4,5
689174;6926152;9;9
688779;6926401;3,1;3,1
688838;6926360;6;6
688629;6926432;4,1;4,1
688699;6926412;4,2;4,2
688489;6926463;4,1;4,1
688359;6926505;6;6
688862;6925670;5,5;5,5
688873;6925700;6,5;6,5
688853;6925690;6,9;6,9
689471;6925474;5,6;5,6
689818;6925692;4,6;4,6
688896;6925454;8,2;8,2
688813;6925780;5,5;5,5
688833;6925790;5,45;5,45
688553;6925763;6;6
688603;6925702;5,85;5,85
688694;6925891;5,7;5,7
688315;6925655;7,2;7,2
688319;6925659;7,2;7,2
688251;6925515;6;6
688089;6925321;2,9;2,9
687959;6925317;7,7;7,7
687622;6925651;9,5;9,5
687373;6925793;7,48;7,48
687310;6925503;7,6;7,6
687310;6925473;8,1;8,1
686892;6924636;5,85;5,85
687142;6924574;8,8;8,8
686347;6924081;8,5;8,5
686167;6924032;8,5;8,5
686023;6923623;10;10
685952;6923544;8;8
685372;6923589;9,2;9,2
685786;6923956;7;7
685955;6923879;11,1;11,1
685499;6923128;8,2;8,2
685409;6923159;8;8
685197;6923010;6,7;6,7
685147;6922961;8;8
684996;6922892;5,9;5,9
685100;6923281;5,8;5,8
685249;6923210;8,5;8,5
684941;6922322;7,2;7,2
685204;6922590;5,8;5,8
685231;6922310;7,5;7,5
685391;6922238;5,75;5,75
685342;6922369;6;6
685384;6922599;6,6;6,6
684980;6922132;14,6;14,6
685039;6922041;6,05;6,05
685122;6922341;6,2;6,2
685180;6922170;7;7
684709;6922114;5,5;5,5
684719;6922104;8,5;8,5
684589;6922065;8,3;8,3
684540;6922166;7,1;7,1
684460;6922256;8,9;8,9
684708;6921914;10,4;10,4
685088;6921931;6;6
685115;6921550;6,4;6,4
685040;6921524;3,6;3,6
685195;6921461;3,2;3,2
685406;6922888;6,8;6,8
685336;6922869;7,4;7,4
685356;6922839;7,2;7,2
685166;6922881;9,2;9,2
684785;6921663;4;4
684504;6921556;7,5;7,5
684654;6921524;4;4
684771;6921173;5,5;5,5
684287;6920677;6,5;6,5
684785;6920503;4,8;4,8
684644;6920344;2,75;2,75
684674;6920384;3,7;3,7
683905;6919920;7,5;7,5
683908;6919740;7,5;7,5
683668;6919722;8,7;8,7
684286;6919396;3,5;3,5
684014;6919279;4;4
683913;6919060;4;4
683233;6919176;8,5;8,5
683536;6918353;4;4
683266;6918395;5,2;5,2
682828;6918569;9;9
683232;6918022;6,2;6,2
683223;6918034;6,4;6,4
683236;6918035;6;6
683234;6918029;6;6
683244;6918024;7;7
683143;6917976;5;5
682353;6918043;3,91;3,91
681920;6917766;9,4;9,4
682720;6917679;8;8
682840;6917728;7;7
682841;6917778;5;5
682891;6917758;1,6;1,6
682951;6917807;8,05;8,05
682991;6917872;6,6;6,6
683290;6917664;6;6
683409;6917573;3,1;3,1
683347;6917264;3,7;3,7
681739;6917563;5,5;5,5
681818;6917497;7,7;7,7
681957;6917326;8,8;8,8
681974;6917055;4;4
682667;6917300;7,2;7,2
682687;6917369;1,5;1,5
682378;6917492;7;7
682099;6917595;6,8;6,8
682762;6916718;8,8;8,8
682721;6916659;10,1;10,1
683519;6916342;2,2;2,2
682983;6915696;0,9;0,9
681491;6916669;3,6;3,6
681264;6916609;7,8;7,8
681358;6916360;2,9;2,9
681625;6916263;5;5
681956;6916155;3,2;3,2
682035;6915679;5,4;5,4
681480;6915439;9,7;9,7
681825;6915928;7,5;7,5
681285;6916021;6,3;6,3
681067;6916243;5,7;5,7
680655;6916046;13,4;13,4
681231;6915541;5,7;5,7
680741;6915535;2,8;2,8
682153;6914583;2,15;2,15
681126;6914992;10;10
680495;6914877;5,2;5,2
680192;6914540;5;5
680178;6914090;5,4;5,4
681265;6913680;6,4;6,4
681164;6913591;7,5;7,5
681363;6913414;6;6
681322;6913339;7;7
681060;6913142;3,5;3,5
681524;6912422;8,3;8,3
680418;6912967;5;5
680323;6913558;8,2;8,2
679784;6912492;9,28;9,28
679494;6912495;7,62;7,62
679483;6912455;6,75;6,75
678204;6912596;8,7;8,7
677254;6912574;13,5;13,5
677076;6912836;4,5;4,5
677129;6912095;3,15;3,15
677059;6912086;6,3;6,3
677241;6913455;5,8;5,8
677251;6913475;5,8;5,8
677263;6913655;7,8;7,8
677063;6913646;5,8;5,8
676763;6913709;6;6
675712;6912427;2,1;2,1
675752;6913668;6,55;6,55
675776;6914128;4;4
674825;6913986;7,8;7,8
674254;6912710;9;9
673525;6914067;9,3;9,3
673338;6913228;4,8;4,8
673322;6912528;3,1;3,1
673721;6912385;5,9;5,9
672607;6913214;2,7;2,7
672407;6912036;6,25;6,25
671865;6911880;4,5;4,5
671945;6911880;8,45;8,45
671350;6912425;3,9;3,9
671293;6911585;8,7;8,7
670977;6912068;5,65;5,65
670976;6912018;5,8;5,8
671006;6912028;7,1;7,1
670822;6912750;2;2
670933;6911628;8,5;8,5
670523;6911647;5,8;5,8
670464;6911732;9,5;9,5
670320;6911283;6,4;6,4
669865;6911887;13;13
669703;6911659;11;11
669362;6911652;9;9
669293;6911702;6,5;6,5
669293;6911742;7,5;7,5
669243;6911763;11;11
669143;6911753;9,3;9,3
669133;6911744;10,3;10,3
669103;6911694;12;12
669123;6911764;9,5;9,5
669164;6911783;9,3;9,3
669154;6911783;8,5;8,5
669104;6911794;10,2;10,2
669214;6911823;11;11
669194;6911793;9;9
669174;6911833;7;7
669187;6911852;2,5;2,5
669143;6911663;11,7;11,7
669026;6912045;6,5;6,5
667804;6912048;8,1;8,1
667164;6911920;6;6
667023;6911822;7,5;7,5
667043;6911801;6,6;6,6
664865;6911015;3,8;3,8
663953;6909657;1,6;1,6
663947;6909467;6;6
664061;6909316;8,3;8,3
663968;6909026;8,5;8,5
664128;6909035;8,5;8,5
664300;6909264;9,5;9,5
669743;6912849;6,8;6,8
669173;6912894;4,4;4,4
669242;6912753;5,4;5,4
669132;6912734;5,6;5,6
669311;6912632;6,6;6,6
669451;6912591;5,2;5,2
669479;6912431;5,8;5,8
669460;6912481;5,6;5,6
669359;6912422;6,2;6,2
669350;6912492;5,2;5,2
669250;6912483;5,8;5,8
669268;6912343;5,4;5,4
668787;6912257;6,6;6,6
668948;6912345;4,7;4,7
668689;6912438;4,7;4,7
668430;6912580;5;5
668292;6912791;4,6;4,6
667525;6912563;5,6;5,6
669689;6911259;6;6
668795;6910796;6;6
668787;6910986;3,8;3,8
668798;6911206;6;6
667869;6911456;7,9;7,9
667806;6911116;6;6
667587;6911096;9;9
667187;6911130;6;6
667216;6910960;4,1;4,1
666107;6909999;4,2;4,2
666037;6909999;5,2;5,2
665967;6909990;4,2;4,2
665947;6910050;10;10
665817;6910011;4,2;4,2
665707;6910032;4,2;4,2
665497;6910014;4,2;4,2
665337;6909975;4,2;4,2
665236;6909896;4,2;4,2
665125;6909807;4,2;4,2
665034;6909678;4,2;4,2
664943;6909578;4,2;4,2
664563;6909552;5,4;5,4
664872;6909469;4,2;4,2
664811;6909329;4,2;4,2
664720;6909210;4,2;4,2
664619;6909101;5,2;5,2
664478;6909022;4,2;4,2
664348;6908963;4,2;4,2
664267;6908934;5;5
663576;6909613;7,55;7,55
663416;6909767;6,7;6,7
663775;6909074;7,3;7,3
662943;6909213;9,48;9,48
662934;6908837;4,55;4,55
662718;6908947;3,7;3,7
662543;6909102;3;3
662496;6909063;3;3
662543;6909102;4,8;4,8
662496;6909063;5;5
662406;6909098;1,8;1,8
662444;6909033;3;3
662418;6909035;3,5;3,5
662444;6909033;5,2;5,2
662418;6909035;2,6;2,6
662366;6909116;1,7;1,7
662461;6909134;2,5;2,5
662316;6909143;1,2;1,2
662449;6909208;2,4;2,4
662376;6909275;1,8;1,8
663390;6908131;9;9
663330;6908152;9,32;9,32
663259;6908002;11,5;11,5
662640;6908197;6,6;6,6
662947;6907745;7,1;7,1
662468;6907859;5,45;5,45
661740;6908145;5,5;5,5
662301;6907150;11,5;11,5
662281;6907150;9,5;9,5
662302;6907160;11,5;11,5
662352;6907190;9,9;9,9
662562;6907233;9,5;9,5
662503;6907348;13;13
662601;6907417;8,5;8,5
662563;6907396;7,2;7,2
662579;6907363;6,41;6,41
662619;6907385;4,4;4,4
662602;6907401;6,85;6,85
661183;6907400;5,85;5,85
661679;6906845;11,9;11,9
661609;6906896;10,8;10,8
660461;6907206;12;12
661149;6906910;7,8;7,8
661237;6906719;9,4;9,4
660858;6906817;8;8
660957;6906636;10,57;10,57
661397;6906657;10,6;10,6
660075;6906429;4,7;4,7
660045;6905839;7,81;7,81
659801;6905971;9;9
659835;6905900;7,6;7,6
659933;6905659;8,4;8,4
659933;6905659;9,3;9,3
659998;6905699;11,5;11,5
660033;6905018;6,5;6,5
659471;6906074;6,6;6,6
659670;6905852;8;8
659484;6905793;7,5;7,5
659400;6905864;7,8;7,8
659338;6905645;5,5;5,5
659368;6905639;5,45;5,45
659059;6905792;7;7
658666;6906080;6,6;6,6
658600;6905931;8,5;8,5
658817;6905619;5,9;5,9
658867;6905558;5,5;5,5
658907;6905598;4,7;4,7
658987;6905587;9;9
658997;6905537;6;6
658966;6905478;5,2;5,2
659046;6905487;5,3;5,3
659006;6905417;5,7;5,7
659136;6905466;5,7;5,7
659135;6905356;3,9;3,9
659206;6905416;6,7;6,7
659235;6905345;6;6
659286;6905405;5,7;5,7
659294;6905195;6,5;6,5
660066;6905378;7,3;7,3
660035;6905288;6,35;6,35
659964;6905199;9,55;9,55
660153;6905087;5,72;5,72
659992;6904889;7,68;7,68
659551;6904812;7,95;7,95
659044;6903986;7,9;7,9
659461;6903623;10,5;10,5
659445;6903598;9,1;9,1
659421;6903673;9;9
658968;6903277;11,5;11,5
658878;6903318;5,65;5,65
658843;6902728;8;8
657762;6901516;5,6;5,6
654728;6899962;8,25;8,25
654698;6899942;7;7
654113;6896946;6;6
654191;6896705;5;5
653214;6895973;6,4;6,4
653144;6895324;8,7;8,7
652562;6895689;3;3
651815;6893684;9,6;9,6
648468;6895363;8,7;8,7
648287;6895324;7,3;7,3
648022;6894736;7,8;7,8
647822;6894638;11,9;11,9
647970;6894497;11,5;11,5
647665;6894409;7,5;7,5
647566;6893980;8,45;8,45
646998;6893696;12,35;12,35
646748;6894237;11;11
631283;6875872;6,8;6,8
631586;6876190;6,1;6,1
631686;6876269;5,22;5,22
632122;6876925;10,6;10,6
632022;6876976;12;12
631863;6877117;15,5;15,5
631801;6877148;14,9;14,9
631814;6877188;15,9;15,9
631854;6877227;14,95;14,95
632205;6877285;8,91;8,91
630804;6879596;13;13
630864;6879606;13,25;13,25
629646;6881106;12,3;12,3
630390;6882830;11;11
631225;6882213;7,2;7,2
632794;6880780;4,2;4,2
671749;6914622;3,1;3,1
675249;6915683;9;9
675197;6915423;8;8
675284;6915002;8,6;8,6
675935;6915167;7,5;7,5
676180;6915735;7,5;7,5
676637;6915321;6,1;6,1
677137;6915316;6;6
677333;6914774;4;4
677845;6914980;3,6;3,6
677902;6914640;7;7
677117;6914156;5,7;5,7
673599;6914536;6;6
676171;6914624;5;5
678252;6913536;10,5;10,5
678644;6914913;5,8;5,8
680117;6915101;6;6
679743;6914734;6,4;6,4
727111;6951037;5,6;5,6
726252;6951255;9;9
726619;6951362;12;12
727495;6951403;9,5;9,5
726776;6951570;6;6
726878;6951709;8,5;8,5
726890;6951774;4,5;4,5
726359;6951964;10,2;10,2
725943;6951716;6;6
725439;6952033;5;5
725520;6952152;7,1;7,1
727396;6951742;7,6;7,6
727329;6951912;8,2;8,2
727378;6952078;10,6;10,6
726288;6953355;7,1;7,1
726326;6953448;6,2;6,2
726255;6953541;7,5;7,5
727663;6953393;10,5;10,5
726714;6954693;8,2;8,2
728482;6954317;3;3
728228;6954546;7;7
727205;6955890;4,8;4,8
727586;6955976;8;8
726857;6956093;7,1;7,1
727381;6957679;12;12
727461;6958333;5;5
727031;6959934;7,4;7,4
726792;6959997;8,05;8,05
726993;6960085;7,6;7,6
726734;6960257;7,5;7,5
726915;6960406;7;7
726796;6960477;7,7;7,7
726758;6960697;8,1;8,1
725867;6960655;2,5;2,5
726389;6960816;5;5
727190;6960914;4,9;4,9
726861;6960977;8,1;8,1
726783;6961248;9;9
726374;6961412;7,4;7,4
725976;6961615;6;6
727636;6962611;6,5;6,5
728009;6962958;7,6;7,6
728810;6964092;7,82;7,82
728103;6964489;9,8;9,8
728987;6964781;7;7
733209;6967910;7,15;7,15
734331;6968087;5;5
734287;6968186;3,6;3,6
734463;6968279;2,5;2,5
733305;6969397;3,8;3,8
733311;6969503;2,5;2,5
733281;6969571;2;2
734918;6970911;5;5
734960;6970988;5;5
734579;6971156;11,5;11,5
735138;6972031;6,6;6,6
735366;6973991;12;12
736139;6974244;4,5;4,5
737617;6975012;4,9;4,9
739037;6975909;3,6;3,6
740558;6979209;4,5;4,5
741085;6979825;5,3;5,3
741305;6980974;5,8;5,8
741438;6981243;2,7;2,7
650406;6894192;10,5;10,5
650570;6894173;10;10
650729;6894155;13;13
651202;6893847;8;8
651239;6893785;10;10
652716;6893207;10;10
651815;6893684;8,9;8,9
648050;6895602;2,7;2,7
648078;6895542;4;4
648451;6894887;3;3
648514;6894765;3;3
631145;6876080;0;0
631200;6876700;0;0
631169;6877010;0;0
631186;6877130;0;0
631265;6877380;0;0
631292;6877550;0;0
631279;6878240;0;0
631252;6878410;0;0
631161;6878710;0;0
631011;6879040;0;0
630893;6879350;0;0
630791;6879600;0;0
630680;6879790;0;0
630572;6880040;0;0
630225;6880360;0;0
630048;6880560;0;0
629614;6880890;0;0
629381;6881540;0;0
629414;6881960;0;0
629460;6882180;0;0
629508;6882270;0;0
629652;6882400;0;0
629866;6882560;0;0
630054;6882690;0;0
630280;6882820;0;0
630496;6882930;0;0
630604;6882940;0;0
630748;6882920;0;0
630911;6882850;0;0
631009;6882780;0;0
631120;6882600;0;0
631149;6882420;0;0
631265;6882040;0;0
631459;6881730;0;0
631649;6881600;0;0
633244;6881100;0;0
633461;6881530;0;0
633684;6881980;0;0
633832;6882440;0;0
633909;6882830;0;0
635031;6883260;0;0
634889;6883180;0;0
634776;6883110;0;0
634681;6883010;0;0
634615;6882850;0;0
634565;6882700;0;0
634413;6882040;0;0
634347;6881750;0;0
634242;6881500;0;0
634089;6881310;0;0
633852;6881100;0;0
633765;6881040;0;0
633703;6880970;0;0
633631;6880850;0;0
633520;6880640;0;0
633444;6880570;0;0
633339;6880480;0;0
633248;6880410;0;0
633138;6880340;0;0
633069;6880340;0;0
632933;6880300;0;0
632799;6880240;0;0
632724;6880240;0;0
632546;6880170;0;0
632103;6880290;0;0
631686;6880600;0;0
631567;6880780;0;0
631421;6881170;0;0
631293;6881300;0;0
631112;6881310;0;0
631021;6881270;0;0
630961;6881140;0;0
630911;6880980;0;0
630856;6880760;0;0
630861;6880630;0;0
630945;6880350;0;0
631050;6880170;0;0
631174;6880010;0;0
631268;6879900;0;0
631355;6879810;0;0
631461;6879710;0;0
631641;6879550;0;0
631731;6879430;0;0
631810;6879300;0;0
631907;6879150;0;0
632059;6878950;0;0
632137;6878820;0;0
632192;6878660;0;0
632202;6878600;0;0
632195;6878410;0;0
632206;6878200;0;0
632205;6877830;0;0
632363;6876910;0;0
634821;6884210;0;0
635145;6884610;0;0
635452;6884890;0;0
636176;6885500;0;0
636392;6885680;0;0
636645;6885730;0;0
637013;6885890;0;0
637314;6885940;0;0
637956;6886020;0;0
638332;6886000;0;0
638706;6885910;0;0
638837;6885920;0;0
639162;6886000;0;0
639481;6886080;0;0
639565;6886070;0;0
639836;6886100;0;0
640104;6886180;0;0
640403;6886320;0;0
640674;6886520;0;0
640835;6886610;0;0
640997;6886810;0;0
641246;6887130;0;0
641283;6887240;0;0
641298;6887530;0;0
641359;6887800;0;0
641401;6888050;0;0
642109;6887660;0;0
642102;6887530;0;0
642038;6887190;0;0
641967;6886920;0;0
641925;6886820;0;0
641869;6886590;0;0
641824;6886520;0;0
641716;6886410;0;0
641617;6886180;0;0
641321;6885940;0;0
641244;6885840;0;0
641155;6885680;0;0
641018;6885620;0;0
640617;6885410;0;0
640360;6885260;0;0
640208;6885220;0;0
640038;6885230;0;0
639529;6885250;0;0
639196;6885210;0;0
638759;6885270;0;0
638613;6885260;0;0
638349;6885280;0;0
637993;6885260;0;0
637660;6885170;0;0
637326;6885160;0;0
637155;6885150;0;0
637042;6885130;0;0
636903;6885070;0;0
636665;6884950;0;0
636527;6884900;0;0
636436;6884830;0;0
636247;6884660;0;0
636008;6884420;0;0
635878;6884300;0;0
635716;6884180;0;0
635589;6883990;0;0
635556;6883890;0;0
657261;6894630;0;0
656415;6894600;0;0
656269;6894520;0;0
656144;6894490;0;0
655958;6894370;0;0
655546;6894130;0;0
654713;6893860;0;0
654037;6893830;0;0
653977;6893810;0;0
653811;6893780;0;0
653706;6893730;0;0
653570;6893650;0;0
653504;6893590;0;0
653439;6893510;0;0
653388;6893420;0;0
653349;6893390;0;0
653283;6893360;0;0
653214;6893350;0;0
653120;6893330;0;0
653049;6893300;0;0
652925;6893260;0;0
652844;6893240;0;0
652777;6893250;0;0
652686;6893250;0;0
652424;6893190;0;0
652345;6893200;0;0
652291;6893210;0;0
652181;6893260;0;0
652108;6893280;0;0
651995;6893310;0;0
651902;6893330;0;0
651828;6893360;0;0
651773;6893410;0;0
651656;6893450;0;0
651528;6893490;0;0
651416;6893500;0;0
651285;6893510;0;0
651266;6893570;0;0
651236;6893620;0;0
651183;6893670;0;0
651102;6893720;0;0
651004;6893790;0;0
650909;6893830;0;0
650782;6893970;0;0
650690;6894100;0;0
650626;6894160;0;0
650527;6894210;0;0
650367;6894290;0;0
650277;6894330;0;0
650197;6894350;0;0
650062;6894360;0;0
649887;6894370;0;0
649717;6894410;0;0
649603;6894480;0;0
649498;6894510;0;0
649378;6894530;0;0
649201;6894530;0;0
649088;6894530;0;0
648872;6894490;0;0
648822;6894490;0;0
648652;6894540;0;0
648592;6894550;0;0
648430;6894500;0;0
648319;6894470;0;0
648141;6894400;0;0
648006;6894310;0;0
647981;6894270;0;0
647839;6894150;0;0
647668;6894050;0;0
647538;6893990;0;0
647436;6893910;0;0
647138;6893660;0;0
647024;6893420;0;0
646962;6893370;0;0
646867;6893310;0;0
646807;6893170;0;0
645876;6891780;0;0
645800;6891750;0;0
645664;6891600;0;0
645654;6891470;0;0
645618;6891420;0;0
644743;6891200;0;0
644650;6891130;0;0
644480;6891070;0;0
644315;6891050;0;0
644163;6891000;0;0
644020;6890830;0;0
643821;6890520;0;0
643761;6890480;0;0
643531;6890360;0;0
643366;6890210;0;0
643270;6890050;0;0
643080;6889800;0;0
643000;6889650;0;0
642973;6889480;0;0
642931;6889390;0;0
642867;6889330;0;0
642784;6889190;0;0
642705;6888970;0;0
642489;6888570;0;0
642318;6888270;0;0
642251;6888070;0;0
641529;6888600;0;0
641621;6888660;0;0
641693;6888860;0;0
641781;6889370;0;0
641844;6889560;0;0
641990;6890020;0;0
642180;6890350;0;0
642241;6890620;0;0
642312;6890800;0;0
642372;6891030;0;0
642389;6891370;0;0
642487;6891830;0;0
642582;6892050;0;0
642688;6892140;0;0
643186;6892430;0;0
643461;6892770;0;0
643660;6892870;0;0
643998;6892990;0;0
644371;6893400;0;0
644472;6893470;0;0
644738;6893670;0;0
644944;6893860;0;0
646761;6895570;0;0
647163;6895590;0;0
647304;6895640;0;0
648453;6896020;0;0
648603;6896040;0;0
649014;6896150;0;0
649279;6896120;0;0
649594;6896030;0;0
649794;6895990;0;0
650099;6896020;0;0
650505;6896080;0;0
651016;6896180;0;0
651452;6896170;0;0
651601;6896140;0;0
651876;6896070;0;0
652286;6895930;0;0
652431;6895900;0;0
652701;6895890;0;0
652906;6895940;0;0
652987;6895980;0;0
653087;6896060;0;0
653209;6896220;0;0
653315;6896380;0;0
653416;6896480;0;0
653473;6896610;0;0
653519;6896870;0;0
653632;6897340;0;0
653686;6898100;0;0
653727;6898650;0;0
653693;6898790;0;0
653694;6898930;0;0
653731;6899180;0;0
653748;6899550;0;0
653775;6900140;0;0
653719;6900300;0;0
653711;6900680;0;0
653778;6900900;0;0
653913;6901170;0;0
654072;6901360;0;0
654147;6901410;0;0
656848;6901870;0;0
656953;6901890;0;0
657064;6901950;0;0
657149;6901980;0;0
657299;6902000;0;0
657470;6902000;0;0
657640;6902020;0;0
657876;6902100;0;0
658102;6902250;0;0
658503;6903040;0;0
659035;6904300;0;0
659221;6904680;0;0
659248;6904970;0;0
659189;6905130;0;0
659025;6905310;0;0
658766;6905500;0;0
658636;6905560;0;0
658482;6905700;0;0
658453;6905780;0;0
658309;6905930;0;0
658204;6905950;0;0
657791;6905860;0;0
657467;6905820;0;0
657682;6906460;0;0
657927;6906540;0;0
658178;6906570;0;0
658403;6906450;0;0
658483;6906470;0;0
658668;6906490;0;0
658858;6906450;0;0
659408;6906310;0;0
659518;6906330;0;0
659684;6906420;0;0
659739;6906490;0;0
659770;6906580;0;0
659882;6906780;0;0
660008;6906950;0;0
660145;6907260;0;0
660289;6907450;0;0
660483;6907590;0;0
660714;6907650;0;0
660795;6907750;0;0
660901;6907930;0;0
661046;6908060;0;0
661187;6908120;0;0
661463;6908130;0;0
661603;6908170;0;0
661690;6908390;0;0
661801;6908470;0;0
661931;6908510;0;0
662027;6908680;0;0
661949;6908860;0;0
661777;6909060;0;0
661418;6909340;0;0
661063;6909580;0;0
660783;6909670;0;0
660598;6909660;0;0
660433;6909690;0;0
660214;6909900;0;0
660031;6910080;0;0
659876;6910180;0;0
659982;6910260;0;0
660240;6910590;0;0
660404;6910540;0;0
660784;6910510;0;0
660949;6910420;0;0
661103;6910280;0;0
661761;6909860;0;0
661826;6909840;0;0
662911;6909760;0;0
663082;6909820;0;0
663388;6909990;0;0
663892;6910410;0;0
664231;6910640;0;0
664556;6910860;0;0
664807;6911090;0;0
665013;6911350;0;0
665554;6911400;0;0
665924;6911460;0;0
666513;6911700;0;0
666855;6911960;0;0
667095;6912310;0;0
667132;6913090;0;0
667838;6913570;0;0
667965;6913610;0;0
668159;6913750;0;0
668337;6913900;0;0
668492;6913910;0;0
668730;6913960;0;0
668966;6914160;0;0
669126;6914240;0;0
669275;6914220;0;0
669344;6914060;0;0
669199;6913940;0;0
669095;6913810;0;0
669110;6913580;0;0
669179;6913480;0;0
669404;6913350;0;0
669528;6913310;0;0
669684;6913300;0;0
669949;6913360;0;0
670190;6913500;0;0
670161;6913710;0;0
670203;6913770;0;0
670312;6913860;0;0
670468;6913950;0;0
670649;6914060;0;0
670753;6914090;0;0
670939;6914100;0;0
671043;6914330;0;0
671016;6914520;0;0
671129;6914790;0;0
682709;6912050;0;0
682583;6912070;0;0
682207;6911990;0;0
681971;6912040;0;0
681594;6911940;0;0
681128;6911910;0;0
680617;6911950;0;0
680285;6912050;0;0
679723;6912210;0;0
679569;6912240;0;0
679234;6912250;0;0
679085;6912150;0;0
678852;6912120;0;0
678675;6912170;0;0
678462;6912270;0;0
678322;6912300;0;0
678128;6912260;0;0
677968;6912250;0;0
677789;6912290;0;0
677693;6912300;0;0
677609;6912280;0;0
677153;6911960;0;0
677099;6911860;0;0
677068;6911840;0;0
677017;6911840;0;0
676959;6911860;0;0
676832;6911910;0;0
676550;6912070;0;0
676247;6912150;0;0
675881;6912080;0;0
675313;6911810;0;0
674846;6911460;0;0
674613;6911470;0;0
674453;6911480;0;0
674262;6911590;0;0
673965;6911590;0;0
673766;6911750;0;0
673440;6911770;0;0
673002;6911600;0;0
672777;6911660;0;0
672494;6911620;0;0
672210;6911600;0;0
671937;6911530;0;0
671761;6911570;0;0
671528;6911610;0;0
671218;6911410;0;0
670442;6911150;0;0
670338;6911170;0;0
669878;6911160;0;0
669562;6910890;0;0
668753;6910770;0;0
668456;6910820;0;0
668265;6910920;0;0
668106;6910960;0;0
667825;6910910;0;0
667665;6910930;0;0
667437;6910950;0;0
667052;6910830;0;0
666534;6910540;0;0
666416;6910440;0;0
666312;6910330;0;0
666269;6910240;0;0
666291;6910160;0;0
666347;6910070;0;0
666341;6910040;0;0
666274;6910020;0;0
666217;6910030;0;0
666137;6910040;0;0
666038;6910040;0;0
665946;6910030;0;0
665811;6909980;0;0
665656;6909900;0;0
665400;6909690;0;0
665284;6909610;0;0
665248;6909560;0;0
665228;6909510;0;0
665101;6909400;0;0
665050;6909290;0;0
664831;6909050;0;0
664793;6909070;0;0
664748;6909090;0;0
664683;6909080;0;0
664614;6909030;0;0
664549;6908990;0;0
664487;6908960;0;0
664446;6908940;0;0
664396;6908920;0;0
664371;6908920;0;0
664286;6908950;0;0
664236;6908960;0;0
664181;6908940;0;0
664122;6908900;0;0
664035;6908850;0;0
663973;6908820;0;0
663739;6908710;0;0
663679;6908680;0;0
663535;6908560;0;0
663487;6908510;0;0
663452;6908430;0;0
663442;6908390;0;0
663441;6908270;0;0
663450;6908200;0;0
663435;6908110;0;0
663409;6908040;0;0
663343;6907940;0;0
663257;6907850;0;0
663152;6907760;0;0
663051;6907630;0;0
662960;6907500;0;0
662840;6907390;0;0
662713;6907300;0;0
662623;6907250;0;0
662512;6907210;0;0
662256;6907130;0;0
662136;6907120;0;0
662061;6907100;0;0
661996;6907070;0;0
661814;6906910;0;0
661709;6906840;0;0
661558;6906780;0;0
661413;6906740;0;0
660990;6906410;0;0
660874;6906340;0;0
660809;6906280;0;0
660748;6906190;0;0
660667;6906090;0;0
660561;6905920;0;0
660455;6905780;0;0
660399;6905660;0;0
660332;6905360;0;0
660321;6905260;0;0
660326;6905220;0;0
660380;6905150;0;0
660365;6905100;0;0
660274;6904970;0;0
660228;6904890;0;0
660026;6904650;0;0
659986;6904570;0;0
659955;6904490;0;0
659949;6904350;0;0
659923;6904290;0;0
659898;6904270;0;0
659793;6904250;0;0
659753;6904210;0;0
659722;6904130;0;0
659722;6904090;0;0
659746;6904010;0;0
659726;6903940;0;0
659472;6903520;0;0
659422;6903420;0;0
659421;6903400;0;0
659401;6903310;0;0
659401;6903280;0;0
659380;6903190;0;0
659339;6903110;0;0
659147;6902850;0;0
659031;6902640;0;0
658848;6902250;0;0
658731;6902050;0;0
658544;6901760;0;0
658518;6901710;0;0
658439;6901570;0;0
658351;6901450;0;0
658240;6901280;0;0
658129;6901150;0;0
658003;6901040;0;0
657961;6901010;0;0
657857;6900950;0;0
657767;6900910;0;0
657637;6900850;0;0
657491;6900810;0;0
657446;6900800;0;0
657356;6900770;0;0
657155;6900700;0;0
656979;6900650;0;0
656924;6900640;0;0
656673;6900580;0;0
656548;6900530;0;0
656498;6900480;0;0
656482;6900410;0;0
656501;6900310;0;0
656531;6900220;0;0
656570;6900150;0;0
656625;6900070;0;0
656679;6900030;0;0
656814;6900000;0;0
656889;6899990;0;0
656964;6899980;0;0
657014;6899950;0;0
657044;6899900;0;0
657103;6899740;0;0
657138;6899710;0;0
657158;6899710;0;0
657213;6899790;0;0
657258;6899810;0;0
657313;6899800;0;0
657408;6899770;0;0
657443;6899770;0;0
657479;6899790;0;0
657538;6899890;0;0
657615;6900030;0;0
657616;6900050;0;0
657777;6900220;0;0
657883;6900290;0;0
658003;6900340;0;0
658068;6900350;0;0
658158;6900330;0;0
658166;6900030;0;0
658137;6900020;0;0
658117;6900020;0;0
658020;6899920;0;0
657955;6899870;0;0
657904;6899790;0;0
657899;6899750;0;0
657903;6899710;0;0
657928;6899620;0;0
657937;6899540;0;0
657936;6899430;0;0
657916;6899350;0;0
657916;6899340;0;0
657850;6899240;0;0
657805;6899200;0;0
657744;6899180;0;0
657679;6899180;0;0
657629;6899200;0;0
657553;6899250;0;0
657435;6899310;0;0
657370;6899320;0;0
657280;6899320;0;0
657210;6899320;0;0
657009;6899290;0;0
656949;6899260;0;0
656924;6899230;0;0
656919;6899190;0;0
656938;6899140;0;0
656983;6899090;0;0
657043;6899070;0;0
657088;6899060;0;0
657113;6899060;0;0
657243;6899040;0;0
657328;6899020;0;0
657367;6898970;0;0
657372;6898930;0;0
657362;6898860;0;0
657331;6898790;0;0
657276;6898720;0;0
657195;6898680;0;0
657145;6898670;0;0
657065;6898670;0;0
656985;6898690;0;0
656846;6898770;0;0
656740;6898780;0;0
656270;6899000;0;0
655913;6899220;0;0
655668;6899320;0;0
655478;6899350;0;0
655303;6899280;0;0
655045;6898990;0;0
654813;6898730;0;0
654645;6898560;0;0
654533;6898440;0;0
654424;6898250;0;0
654363;6898090;0;0
654229;6897480;0;0
654228;6897410;0;0
654191;6897080;0;0
654160;6897030;0;0
654140;6896950;0;0
654144;6896910;0;0
654174;6896860;0;0
654258;6896750;0;0
654263;6896700;0;0
654230;6896620;0;0
654207;6896500;0;0
654241;6896440;0;0
654321;6896410;0;0
654556;6896390;0;0
654736;6896410;0;0
655368;6896530;0;0
655598;6896510;0;0
655807;6896400;0;0
656031;6896230;0;0
656450;6896040;0;0
657163;6895650;0;0
686458;6916600;0;0
686386;6916470;0;0
686197;6916390;0;0
685872;6916180;0;0
685613;6916130;0;0
685431;6916000;0;0
685172;6915990;0;0
684919;6915960;0;0
684529;6915760;0;0
684169;6915570;0;0
683859;6915450;0;0
683593;6915550;0;0
683376;6915560;0;0
683028;6915330;0;0
682867;6915020;0;0
682573;6914900;0;0
682422;6914780;0;0
682277;6914310;0;0
682089;6914090;0;0
682151;6913750;0;0
682299;6913690;0;0
682783;6913660;0;0
683098;6913800;0;0
683501;6914190;0;0
683733;6914400;0;0
684011;6914490;0;0
684148;6914420;0;0
683967;6914200;0;0
683904;6913970;0;0
683685;6913670;0;0
683712;6913270;0;0
683692;6912970;0;0
685458;6918630;0;0
685288;6918800;0;0
684942;6918930;0;0
684605;6918980;0;0
684449;6918890;0;0
684379;6918590;0;0
684349;6918230;0;0
684327;6917740;0;0
684230;6917430;0;0
684270;6917100;0;0
684339;6916930;0;0
684484;6916810;0;0
684671;6916820;0;0
684928;6916930;0;0
685213;6916970;0;0
685463;6916990;0;0
685582;6917120;0;0
685747;6917280;0;0
685852;6917230;0;0
672091;6915880;0;0
672206;6916010;0;0
672296;6916040;0;0
672435;6916080;0;0
672652;6916130;0;0
673159;6916130;0;0
673280;6916170;0;0
673336;6916160;0;0
673632;6916090;0;0
673831;6916160;0;0
674193;6916170;0;0
674387;6916110;0;0
674524;6916120;0;0
674956;6915970;0;0
675067;6915960;0;0
675333;6916060;0;0
675533;6916070;0;0
675709;6916110;0;0
675973;6916250;0;0
676052;6916260;0;0
676268;6916270;0;0
676786;6916270;0;0
676921;6916250;0;0
676982;6916250;0;0
677276;6916340;0;0
677335;6916340;0;0
677395;6916340;0;0
677475;6916310;0;0
677582;6916280;0;0
677655;6916290;0;0
677789;6916310;0;0
677893;6916360;0;0
678012;6916450;0;0
678060;6916440;0;0
678166;6916410;0;0
678235;6916400;0;0
678370;6916430;0;0
678470;6916450;0;0
678625;6916450;0;0
678973;6916400;0;0
679082;6916400;0;0
679304;6916450;0;0
679434;6916500;0;0
679581;6916580;0;0
679651;6916600;0;0
679722;6916590;0;0
680066;6916440;0;0
680194;6916440;0;0
680379;6916390;0;0
680716;6916420;0;0
680849;6916440;0;0
680993;6916520;0;0
681077;6916610;0;0
681134;6916740;0;0
681183;6916790;0;0
681260;6916920;0;0
681341;6917090;0;0
681398;6917220;0;0
681494;6917440;0;0
681574;6917580;0;0
681646;6917670;0;0
681741;6917810;0;0
682090;6918100;0;0
682223;6918210;0;0
682344;6918300;0;0
682432;6918450;0;0
682519;6918570;0;0
682665;6918840;0;0
682736;6918950;0;0
683012;6919310;0;0
683189;6919640;0;0
683207;6919670;0;0
683360;6919920;0;0
683419;6920080;0;0
683497;6920240;0;0
683681;6920580;0;0
683722;6920740;0;0
683845;6920950;0;0
683858;6921080;0;0
683851;6921150;0;0
683853;6921250;0;0
683888;6921390;0;0
683939;6921560;0;0
683990;6921690;0;0
684053;6921810;0;0
684113;6921900;0;0
684218;6922040;0;0
684289;6922210;0;0
684338;6922270;0;0
684489;6922570;0;0
684528;6922620;0;0
684595;6922690;0;0
684758;6922900;0;0
684816;6922980;0;0
684885;6923120;0;0
684958;6923240;0;0
685036;6923330;0;0
685126;6923440;0;0
685185;6923550;0;0
685224;6923670;0;0
685290;6923760;0;0
685373;6923860;0;0
685485;6923910;0;0
685606;6924020;0;0
685658;6924080;0;0
685679;6924180;0;0
685716;6924290;0;0
685777;6924360;0;0
685817;6924430;0;0
685934;6924740;0;0
686087;6924890;0;0
686305;6925080;0;0
686637;6925320;0;0
686816;6925490;0;0
686960;6925550;0;0
687117;6925670;0;0
687395;6925960;0;0
687497;6926040;0;0
687695;6926110;0;0
687882;6926250;0;0
688019;6926320;0;0
688070;6926410;0;0
688223;6926560;0;0
688310;6926730;0;0
688319;6926820;0;0
688289;6926950;0;0
688202;6927110;0;0
688084;6927250;0;0
691379;6925500;0;0
690945;6925030;0;0
690564;6924760;0;0
690022;6924610;0;0
689716;6924600;0;0
689377;6924760;0;0
689212;6925130;0;0
688917;6925320;0;0
688394;6925340;0;0
688022;6924940;0;0
687418;6924670;0;0
687032;6924240;0;0
686278;6923430;0;0
685710;6922990;0;0
685644;6922470;0;0
685336;6921650;0;0
685105;6921150;0;0
685015;6920510;0;0
684803;6920320;0;0
684621;6920030;0;0
684699;6919360;0;0
684840;6919250;0;0
685304;6919230;0;0
685712;6919400;0;0
688432;6927630;0;0
688677;6927320;0;0
688911;6927090;0;0
689003;6926960;0;0
689131;6926850;0;0
689292;6926780;0;0
689432;6926780;0;0
689624;6926800;0;0
689789;6926860;0;0
689890;6926920;0;0
690006;6927030;0;0
690118;6927220;0;0
690174;6927440;0;0
690188;6927620;0;0
690183;6927730;0;0
690199;6928010;0;0
690177;6928130;0;0
690129;6928240;0;0
690031;6928410;0;0
689971;6928520;0;0
689923;6928630;0;0
689856;6928880;0;0
689848;6929010;0;0
689867;6929150;0;0
689904;6929330;0;0
689955;6929500;0;0
690008;6929620;0;0
690115;6929760;0;0
690298;6929940;0;0
690489;6930090;0;0
690554;6930130;0;0
690635;6930210;0;0
690763;6930420;0;0
690868;6930680;0;0
690925;6930770;0;0
691024;6930880;0;0
691066;6930900;0;0
691114;6930900;0;0
691189;6930870;0;0
691262;6930810;0;0
691318;6930790;0;0
691436;6930790;0;0
691601;6930850;0;0
691919;6931030;0;0
692132;6931160;0;0
692320;6931300;0;0
694013;6933950;0;0
694116;6933970;0;0
694211;6934000;0;0
694262;6934040;0;0
694325;6934130;0;0
694384;6934230;0;0
694435;6934280;0;0
694502;6934320;0;0
694551;6934340;0;0
694680;6934370;0;0
694749;6934410;0;0
694794;6934440;0;0
694859;6934470;0;0
694903;6934480;0;0
694965;6934460;0;0
695027;6934430;0;0
695098;6934420;0;0
695193;6934430;0;0
695334;6934520;0;0
695399;6934530;0;0
695461;6934520;0;0
695593;6934470;0;0
695714;6934390;0;0
695827;6934350;0;0
695914;6934350;0;0
696003;6934370;0;0
696070;6934360;0;0
696200;6934390;0;0
696278;6934360;0;0
696384;6934330;0;0
696473;6934300;0;0
696497;6934260;0;0
696525;6934440;0;0
696503;6934520;0;0
696439;6934600;0;0
696400;6934630;0;0
696440;6934730;0;0
696484;6934760;0;0
696595;6935030;0;0
696751;6935180;0;0
696772;6935300;0;0
696721;6935440;0;0
696589;6935700;0;0
696448;6935910;0;0
696456;6936080;0;0
696434;6936150;0;0
696319;6936280;0;0
696317;6936330;0;0
696249;6936400;0;0
696216;6936810;0;0
696249;6937110;0;0
696330;6937860;0;0
696308;6937930;0;0
696513;6937940;0;0
696770;6938240;0;0
696905;6938410;0;0
697406;6938500;0;0
697534;6938630;0;0
697622;6938860;0;0
697633;6939090;0;0
697691;6939430;0;0
698086;6940100;0;0
698444;6940200;0;0
698930;6940450;0;0
699281;6940740;0;0
699610;6940930;0;0
699762;6941200;0;0
699788;6941740;0;0
699678;6942100;0;0
699495;6942310;0;0
700594;6942340;0;0
700483;6942160;0;0
700316;6941790;0;0
700503;6941440;0;0
700862;6941380;0;0
701125;6941210;0;0
701723;6941290;0;0
702378;6941250;0;0
703063;6941550;0;0
703686;6941970;0;0
704122;6942270;0;0
704879;6942430;0;0
705533;6942470;0;0
706204;6942470;0;0
707280;6942110;0;0
708166;6942290;0;0
709673;6943510;0;0
710445;6943860;0;0
710780;6944180;0;0
711258;6944280;0;0
711876;6944160;0;0
712812;6943970;0;0
713211;6944090;0;0
713029;6944290;0;0
712689;6944750;0;0
712731;6945120;0;0
713496;6944950;0;0
713963;6945430;0;0
714471;6945830;0;0
714886;6946120;0;0
715807;6946350;0;0
716514;6946900;0;0
718267;6948070;0;0
719095;6948580;0;0
719984;6949510;0;0
719988;6949910;0;0
720569;6950100;0;0
720706;6950390;0;0
720099;6950570;0;0
719555;6951160;0;0
719616;6951380;0;0
719577;6951750;0;0
728344;6953480;0;0
727954;6952990;0;0
727775;6951810;0;0
727335;6950870;0;0
726732;6950430;0;0
726596;6950130;0;0
726126;6949630;0;0
726097;6949400;0;0
726023;6948980;0;0
725840;6948620;0;0
725922;6947950;0;0
725640;6947720;0;0
725124;6947350;0;0
724983;6947230;0;0
724807;6946790;0;0
724488;6946760;0;0
723909;6947080;0;0
723300;6947010;0;0
722766;6946640;0;0
722159;6946740;0;0
721395;6946280;0;0
721129;6946470;0;0
720811;6946520;0;0
720505;6946620;0;0
720370;6946170;0;0
720044;6945800;0;0
719599;6945770;0;0
718193;6945030;0;0
717451;6944480;0;0
717113;6944360;0;0
716305;6944200;0;0
715347;6943500;0;0
714787;6943210;0;0
714515;6942800;0;0
714524;6942440;0;0
712753;6941570;0;0
712236;6941790;0;0
711721;6941790;0;0
711260;6941250;0;0
710716;6941370;0;0
710425;6941690;0;0
708927;6941350;0;0
706574;6940970;0;0
705573;6941090;0;0
705157;6941060;0;0
704576;6940840;0;0
703989;6940960;0;0
703906;6940640;0;0
703881;6940190;0;0
703522;6939730;0;0
703256;6939420;0;0
702936;6939020;0;0
701929;6938660;0;0
700122;6938950;0;0
699293;6938910;0;0
698935;6938810;0;0
698788;6938310;0;0
699381;6937760;0;0
699040;6936570;0;0
699007;6935920;0;0
698859;6935880;0;0
698691;6935890;0;0
698500;6936010;0;0
698285;6935850;0;0
698249;6935690;0;0
698370;6935380;0;0
698496;6935190;0;0
698317;6935120;0;0
697756;6934510;0;0
697766;6934410;0;0
697939;6934380;0;0
698258;6934410;0;0
698397;6934530;0;0
698549;6934610;0;0
698742;6934540;0;0
698830;6934290;0;0
698293;6933640;0;0
697911;6933380;0;0
697824;6933120;0;0
697607;6932880;0;0
697451;6932580;0;0
697233;6932440;0;0
696976;6932410;0;0
696675;6932310;0;0
696383;6932170;0;0
696139;6932080;0;0
696171;6931810;0;0
696086;6931640;0;0
695874;6931690;0;0
695664;6931640;0;0
695208;6931250;0;0
695252;6931030;0;0
695546;6930790;0;0
695830;6930700;0;0
695929;6930560;0;0
695831;6930390;0;0
695770;6930140;0;0
695621;6929830;0;0
695402;6929940;0;0
695131;6929890;0;0
694915;6929860;0;0
694743;6929780;0;0
694554;6929460;0;0
694429;6929300;0;0
694275;6928940;0;0
694105;6928680;0;0
693849;6928720;0;0
693685;6928840;0;0
693394;6928980;0;0
693122;6928950;0;0
693032;6929100;0;0
692659;6929100;0;0
692327;6929220;0;0
692058;6929120;0;0
691701;6928630;0;0
691548;6928180;0;0
691565;6927760;0;0
691460;6927600;0;0
691094;6927200;0;0
690896;6926890;0;0
691059;6926460;0;0
691699;6926340;0;0
734237;6967740;0;0
733169;6966840;0;0
732455;6966090;0;0
731148;6964720;0;0
730173;6963760;0;0
729828;6963410;0;0
729406;6963380;0;0
729023;6963320;0;0
728684;6962900;0;0
728315;6962360;0;0
728179;6962220;0;0
727709;6961760;0;0
727340;6961130;0;0
727308;6960620;0;0
727391;6960280;0;0
726934;6959070;0;0
727475;6958520;0;0
727575;6958180;0;0
727542;6957560;0;0
727447;6957140;0;0
727745;6956590;0;0
727750;6956200;0;0
727874;6956010;0;0
728570;6954780;0;0
741805;6980790;0;0
741329;6979950;0;0
740723;6979150;0;0
740526;6978260;0;0
740348;6977910;0;0
740202;6977630;0;0
738796;6975310;0;0
737289;6974440;0;0
736634;6973540;0;0
736256;6973330;0;0
735964;6972970;0;0
735904;6972570;0;0
735966;6972390;0;0
735860;6972020;0;0
735362;6971410;0;0
735133;6970920;0;0
735042;6970080;0;0
734824;6969590;0;0
734805;6968990;0;0
722027;6952150;0;0
722093;6951700;0;0
722657;6951060;0;0
723374;6951030;0;0
724631;6951540;0;0
725087;6952260;0;0
726415;6954760;0;0
726656;6955340;0;0
726562;6956030;0;0
726412;6956340;0;0
725932;6956830;0;0
725717;6957350;0;0
725572;6958120;0;0
725697;6958760;0;0
725549;6959250;0;0
725496;6959540;0;0
725691;6959940;0;0
725766;6961160;0;0
726109;6962190;0;0
727473;6963750;0;0
727666;6963950;0;0
727910;6964480;0;0
728195;6964680;0;0
728614;6964650;0;0
729115;6965120;0;0
729339;6965250;0;0
729535;6965500;0;0
729700;6965590;0;0
730122;6965610;0;0
730515;6966160;0;0
730676;6966530;0;0
731388;6967160;0;0
731967;6967840;0;0
732216;6968100;0;0
732750;6968650;0;0
732813;6969070;0;0
732908;6969200;0;0
733053;6969430;0;0
733162;6969890;0;0
733375;6970050;0;0
733630;6970150;0;0
733803;6970420;0;0
734147;6970770;0;0
734218;6971000;0;0
734239;6971300;0;0
734229;6971750;0;0
734415;6972110;0;0
734547;6972610;0;0
734930;6973030;0;0
735084;6973730;0;0
735219;6973920;0;0
735503;6974300;0;0
736256;6974720;0;0
736877;6975110;0;0
737536;6975640;0;0
737816;6975760;0;0
738578;6976320;0;0
738880;6976950;0;0
739536;6977580;0;0
740007;6978070;0;0
739985;6978730;0;0
740021;6979160;0;0
740292;6979790;0;0
740565;6980170;0;0
740795;6980970;0;0
741086;6981240;0;0
741385;6981510;0;0
