"long";"lat";"order";"hole";"piece";"id";"group"
-7.71719096598073;36.882276895448;1;FALSE;"1";"0";"0.1"
-7.83001303702163;36.8330776592856;2;FALSE;"1";"0";"0.1"
-7.83001303702162;36.8330776592856;3;FALSE;"1";"0";"0.1"
-7.95199448159745;36.8383182785516;4;FALSE;"1";"0";"0.1"
-7.95199448159744;36.8383182785516;5;FALSE;"1";"0";"0.1"
-8.07404648288555;36.8173483249015;6;FALSE;"1";"0";"0.1"
-8.07404648288555;36.8173483249016;7;FALSE;"1";"0";"0.1"
-8.18683080954791;36.8107698845334;8;FALSE;"1";"0";"0.1"
-8.18683080954795;36.8107698845337;9;FALSE;"1";"0";"0.1"
-8.29796897014534;36.7881362719357;10;FALSE;"1";"0";"0.1"
-8.29796897014535;36.788136271936;11;FALSE;"1";"0";"0.1"
-8.41963086813052;36.830571276226;12;FALSE;"1";"0";"0.1"
-8.41963086813054;36.8305712762259;13;FALSE;"1";"0";"0.1"
-8.53282240131009;36.8626085418399;14;FALSE;"1";"0";"0.1"
-8.53282240131013;36.8626085418398;15;FALSE;"1";"0";"0.1"
-8.64332032632554;36.851590408291;16;FALSE;"1";"0";"0.1"
-8.64332032632553;36.851590408291;17;FALSE;"1";"0";"0.1"
-8.86423433630808;36.831443041026;18;FALSE;"1";"0";"0.1"
-8.86423433630806;36.831443041026;19;FALSE;"1";"0";"0.1"
-8.97004152578321;36.7939823256405;20;FALSE;"1";"0";"0.1"
-8.97004152578316;36.7939823256405;21;FALSE;"1";"0";"0.1"
-9.01538044226676;36.8227917790057;22;FALSE;"1";"0";"0.1"
-9.04946646096121;36.8461758792059;23;FALSE;"1";"0";"0.1"
-9.16876752639179;37.0116084792958;24;FALSE;"1";"0";"0.1"
-9.18824525136005;37.0582538369018;25;FALSE;"1";"0";"0.1"
-9.18392087341927;37.1574232520841;26;FALSE;"1";"0";"0.1"
-9.18392087341931;37.1574232520844;27;FALSE;"1";"0";"0.1"
-9.10983283506951;37.2570815429782;28;FALSE;"1";"0";"0.1"
-9.10983283506977;37.2570815429784;29;FALSE;"1";"0";"0.1"
-9.07483433412952;37.3541750651505;30;FALSE;"1";"0";"0.1"
-9.07483433412965;37.3541750651505;31;FALSE;"1";"0";"0.1"
-9.07115951295011;37.455958690349;32;FALSE;"1";"0";"0.1"
-9.07115951295125;37.455958690346;33;FALSE;"1";"0";"0.1"
-9.0711578037962;37.6610900858461;34;FALSE;"1";"0";"0.1"
-9.07115780379738;37.6610900858492;35;FALSE;"1";"0";"0.1"
-9.05009205828362;37.8531627509389;36;FALSE;"1";"0";"0.1"
-9.05009205828382;37.8531627509389;37;FALSE;"1";"0";"0.1"
-9.0929776077957;37.9549891337548;38;FALSE;"1";"0";"0.1"
-9.09297760779562;37.9549891337547;39;FALSE;"1";"0";"0.1"
-9.07396647255167;38.0561187917669;40;FALSE;"1";"0";"0.1"
-9.07396647255151;38.0561187917668;41;FALSE;"1";"0";"0.1"
-9.08606310608703;38.1503895010361;42;FALSE;"1";"0";"0.1"
-9.08606310608705;38.1503895010361;43;FALSE;"1";"0";"0.1"
-9.28492308986809;38.4012077164212;44;FALSE;"1";"0";"0.1"
-9.28492308986815;38.4012077164211;45;FALSE;"1";"0";"0.1"
-9.45136916981693;38.4607924064944;46;FALSE;"1";"0";"0.1"
-9.45136916981695;38.4607924064943;47;FALSE;"1";"0";"0.1"
-9.62587630904662;38.5278900892176;48;FALSE;"1";"0";"0.1"
-9.62587630904643;38.5278900892179;49;FALSE;"1";"0";"0.1"
-9.63021873134119;38.532399485201;50;FALSE;"1";"0";"0.1"
-9.63021873134125;38.532399485201;51;FALSE;"1";"0";"0.1"
-9.63267699019561;38.5359189891951;52;FALSE;"1";"0";"0.1"
-9.63267699020433;38.5359189891838;53;FALSE;"1";"0";"0.1"
-9.82522653736507;38.6824307603716;54;FALSE;"1";"0";"0.1"
-9.82522653737357;38.6824307603604;55;FALSE;"1";"0";"0.1"
-9.92981586476601;38.7802975674933;56;FALSE;"1";"0";"0.1"
-9.92981586476602;38.7802975674933;57;FALSE;"1";"0";"0.1"
-9.94955408562509;38.9153408795636;58;FALSE;"1";"0";"0.1"
-9.94955408562509;38.9153408795636;59;FALSE;"1";"0";"0.1"
-9.90580114234426;39.1811559235472;60;FALSE;"1";"0";"0.1"
-9.90580114234425;39.1811559235472;61;FALSE;"1";"0";"0.1"
-9.79769048514644;39.3101467846382;62;FALSE;"1";"0";"0.1"
-9.7976904851419;39.3101467846332;63;FALSE;"1";"0";"0.1"
-9.64527170035993;39.4475492784646;64;FALSE;"1";"0";"0.1"
-9.64527170035518;39.4475492784594;65;FALSE;"1";"0";"0.1"
-9.64299492822588;39.4511039544757;66;FALSE;"1";"0";"0.1"
-9.64299492822576;39.4511039544756;67;FALSE;"1";"0";"0.1"
-9.48117571160533;39.7084395587853;68;FALSE;"1";"0";"0.1"
-9.48117571160527;39.7084395587853;69;FALSE;"1";"0";"0.1"
-9.4901279494123;39.8476974962443;70;FALSE;"1";"0";"0.1"
-9.49012794941209;39.8476974962443;71;FALSE;"1";"0";"0.1"
-9.47621028216415;39.982635601143;72;FALSE;"1";"0";"0.1"
-9.47621028216411;39.982635601143;73;FALSE;"1";"0";"0.1"
-9.47635203780817;40.1180356031378;74;FALSE;"1";"0";"0.1"
-9.47635203780818;40.1180356031378;75;FALSE;"1";"0";"0.1"
-9.47352040812929;40.2504995905589;76;FALSE;"1";"0";"0.1"
-9.47352040810847;40.2504995905515;77;FALSE;"1";"0";"0.1"
-9.42619455257774;40.384473435402;78;FALSE;"1";"0";"0.1"
-9.42619455255682;40.3844734353947;79;FALSE;"1";"0";"0.1"
-9.4259505467185;40.3854197295934;80;FALSE;"1";"0";"0.1"
-9.42595054671836;40.3854197295933;81;FALSE;"1";"0";"0.1"
-9.34195612599396;40.5204624774878;82;FALSE;"1";"0";"0.1"
-9.34195612599395;40.5204624774878;83;FALSE;"1";"0";"0.1"
-9.24851365664746;40.7377746341419;84;FALSE;"1";"0";"0.1"
-9.24851365664752;40.7377746341419;85;FALSE;"1";"0";"0.1"
-9.25218556301246;40.9211363645969;86;FALSE;"1";"0";"0.1"
-9.2521855630124;40.9211363645969;87;FALSE;"1";"0";"0.1"
-9.20163067139318;41.0627385471648;88;FALSE;"1";"0";"0.1"
-9.20163067139301;41.0627385471647;89;FALSE;"1";"0";"0.1"
-9.20006934670907;41.1891219495265;90;FALSE;"1";"0";"0.1"
-9.20006934670893;41.1891219495265;91;FALSE;"1";"0";"0.1"
-9.2410740283867;41.4612200000826;92;FALSE;"1";"0";"0.1"
-9.24107402838651;41.4612200000827;93;FALSE;"1";"0";"0.1"
-9.31912457728799;41.7283940236317;94;FALSE;"1";"0";"0.1"
-9.31912457728774;41.7283940236318;95;FALSE;"1";"0";"0.1"
-9.4237314826847;41.8665537069016;96;FALSE;"1";"0";"0.1"
-9.42373148268451;41.8665537069017;97;FALSE;"1";"0";"0.1"
-9.41300833889044;41.9831773032213;98;FALSE;"1";"0";"0.1"
-9.41300833889021;41.9831773032213;99;FALSE;"1";"0";"0.1"
-9.43873136151165;42.1077098026633;100;FALSE;"1";"0";"0.1"
-9.43873136151148;42.1077098026634;101;FALSE;"1";"0";"0.1"
-9.48016138908646;42.2505309485717;102;FALSE;"1";"0";"0.1"
-9.48016138908643;42.2505309485717;103;FALSE;"1";"0";"0.1"
-9.48902036731262;42.2740920902391;104;FALSE;"1";"0";"0.1"
-9.48902036731257;42.2740920902391;105;FALSE;"1";"0";"0.1"
-9.4907536891352;42.3015447622366;106;FALSE;"1";"0";"0.1"
-9.49075368913499;42.3015447622366;107;FALSE;"1";"0";"0.1"
-9.495567213969;42.4343919380145;108;FALSE;"1";"0";"0.1"
-9.49556721396884;42.4343919380145;109;FALSE;"1";"0";"0.1"
-9.5238414503424;42.5371137813751;110;FALSE;"1";"0";"0.1"
-9.52384145034248;42.5371137813751;111;FALSE;"1";"0";"0.1"
-9.58305337033675;42.6643399446756;112;FALSE;"1";"0";"0.1"
-9.58305337033696;42.6643399446754;113;FALSE;"1";"0";"0.1"
-9.65631223929215;42.7880042826228;114;FALSE;"1";"0";"0.1"
-9.65631223929232;42.7880042826227;115;FALSE;"1";"0";"0.1"
-9.65926287169018;42.7957356485671;116;FALSE;"1";"0";"0.1"
-9.6592628716901;42.7957356485671;117;FALSE;"1";"0";"0.1"
-9.64461029072877;42.9055083619501;118;FALSE;"1";"0";"0.1"
-9.64461029072847;42.90550836195;119;FALSE;"1";"0";"0.1"
-9.63526298808371;42.9675641282149;120;FALSE;"1";"0";"0.1"
-9.63526298808351;42.9675641282149;121;FALSE;"1";"0";"0.1"
-9.64113659293373;43.0658338212899;122;FALSE;"1";"0";"0.1"
-9.64113659293374;43.0658338212899;123;FALSE;"1";"0";"0.1"
-9.63611181305015;43.1002928426056;124;FALSE;"1";"0";"0.1"
-9.63611181305015;43.1002928426057;125;FALSE;"1";"0";"0.1"
-9.60387613643296;43.1983475087222;126;FALSE;"1";"0";"0.1"
-9.60387613643296;43.1983475087221;127;FALSE;"1";"0";"0.1"
-9.56422274280818;43.2891409549863;128;FALSE;"1";"0";"0.1"
-9.56422274280818;43.2891409549863;129;FALSE;"1";"0";"0.1"
-9.45040027457457;43.5029695225039;130;FALSE;"1";"0";"0.1"
-9.45040027457464;43.5029695225041;131;FALSE;"1";"0";"0.1"
-9.35149844266477;43.546896175136;132;FALSE;"1";"0";"0.1"
-9.35149844266473;43.546896175136;133;FALSE;"1";"0";"0.1"
-9.30273084915133;43.5857240884476;134;FALSE;"1";"0";"0.1"
-9.30273084915121;43.5857240884474;135;FALSE;"1";"0";"0.1"
-9.26253971499232;43.5915025390454;136;FALSE;"1";"0";"0.1"
-9.26253971499227;43.5915025390452;137;FALSE;"1";"0";"0.1"
-9.14353608451268;43.6345100205905;138;FALSE;"1";"0";"0.1"
-9.14353608451265;43.6345100205904;139;FALSE;"1";"0";"0.1"
-9.09637301298387;43.6476432101954;140;FALSE;"1";"0";"0.1"
-9.09637301298408;43.6476432101955;141;FALSE;"1";"0";"0.1"
-8.93098649583052;44.1450667315923;142;FALSE;"1";"0";"0.1"
-8.93098649583075;44.1450667315924;143;FALSE;"1";"0";"0.1"
-8.77194427596967;44.1888392901397;144;FALSE;"1";"0";"0.1"
-8.77194427596971;44.1888392901398;145;FALSE;"1";"0";"0.1"
-8.74794377213493;44.1975141532387;146;FALSE;"1";"0";"0.1"
-8.74794377213498;44.1975141532387;147;FALSE;"1";"0";"0.1"
-8.70070547689558;44.1854440726193;148;FALSE;"1";"0";"0.1"
-8.70070547689562;44.1854440726193;149;FALSE;"1";"0";"0.1"
-8.51146596411009;44.1919346067234;150;FALSE;"1";"0";"0.1"
-8.51146596411011;44.1919346067234;151;FALSE;"1";"0";"0.1"
-8.31134700939686;44.1684580406642;152;FALSE;"1";"0";"0.1"
-8.31134700939687;44.1684580406642;153;FALSE;"1";"0";"0.1"
-8.20923625559474;44.1859672284057;154;FALSE;"1";"0";"0.1"
-8.20923625559476;44.1859672284057;155;FALSE;"1";"0";"0.1"
-8.04755514135794;44.1441195377757;156;FALSE;"1";"0";"0.1"
-8.04755514135795;44.1441195377757;157;FALSE;"1";"0";"0.1"
-7.85846012453928;44.1432468373862;158;FALSE;"1";"0";"0.1"
-7.85846012453928;44.1432468373863;159;FALSE;"1";"0";"0.1"
-7.7265838610879;44.1256961829418;160;FALSE;"1";"0";"0.1"
-7.72658386108791;44.1256961829417;161;FALSE;"1";"0";"0.1"
-7.54277861368896;44.1028857982674;162;FALSE;"1";"0";"0.1"
-7.54277861368897;44.1028857982673;163;FALSE;"1";"0";"0.1"
-7.45271367132647;44.1216962671259;164;FALSE;"1";"0";"0.1"
-7.45271367132649;44.1216962671259;165;FALSE;"1";"0";"0.1"
-7.36200281240419;44.1554366418775;166;FALSE;"1";"0";"0.1"
-7.36200281240424;44.1554366418774;167;FALSE;"1";"0";"0.1"
-7.2956513785082;44.1340770789335;168;FALSE;"1";"0";"0.1"
-7.29565137850823;44.1340770789333;169;FALSE;"1";"0";"0.1"
-7.17481427688919;44.1333562888216;170;FALSE;"1";"0";"0.1"
-7.17481427688932;44.1333562888212;171;FALSE;"1";"0";"0.1"
-6.98965364572776;44.0523969051912;172;FALSE;"1";"0";"0.1"
-6.98965364572789;44.0523969051907;173;FALSE;"1";"0";"0.1"
-6.8822926381679;44.0508772378498;174;FALSE;"1";"0";"0.1"
-6.88229263816785;44.0508772378498;175;FALSE;"1";"0";"0.1"
-6.70007370835704;43.9995820689987;176;FALSE;"1";"0";"0.1"
-6.70007370835697;43.9995820689987;177;FALSE;"1";"0";"0.1"
-6.64169862170963;44.0072762996683;178;FALSE;"1";"0";"0.1"
-6.64169862170963;44.0072762996681;179;FALSE;"1";"0";"0.1"
-6.5655599011292;43.9691636204165;180;FALSE;"1";"0";"0.1"
-6.56555990112917;43.9691636204166;181;FALSE;"1";"0";"0.1"
-6.54589048199766;43.9577183803455;182;FALSE;"1";"0";"0.1"
-6.5458904819977;43.9577183803455;183;FALSE;"1";"0";"0.1"
-6.5161803630503;43.9328554119974;184;FALSE;"1";"0";"0.1"
-6.51618036305037;43.9328554119975;185;FALSE;"1";"0";"0.1"
-6.20588233144155;43.9048662991694;186;FALSE;"1";"0";"0.1"
-6.20588233144153;43.9048662991695;187;FALSE;"1";"0";"0.1"
-5.99613941804881;43.9507663297047;188;FALSE;"1";"0";"0.1"
-5.9961394180488;43.9507663297047;189;FALSE;"1";"0";"0.1"
-5.81893049267702;43.9641312201491;190;FALSE;"1";"0";"0.1"
-5.81893049267702;43.9641312201491;191;FALSE;"1";"0";"0.1"
-5.64934971413784;44.0191505039311;192;FALSE;"1";"0";"0.1"
-5.64934971413784;44.0191505039311;193;FALSE;"1";"0";"0.1"
-5.41663510374338;43.9835413712134;194;FALSE;"1";"0";"0.1"
-5.41663510374336;43.9835413712133;195;FALSE;"1";"0";"0.1"
-5.26320861840243;44.0323715613112;196;FALSE;"1";"0";"0.1"
-5.26320861840213;44.0323715613116;197;FALSE;"1";"0";"0.1"
-5.11637719834506;43.9391129957158;198;FALSE;"1";"0";"0.1"
-5.11637719834474;43.9391129957164;199;FALSE;"1";"0";"0.1"
-5.05000385495706;43.9270947363499;200;FALSE;"1";"0";"0.1"
-5.05000385495703;43.9270947363501;201;FALSE;"1";"0";"0.1"
-4.97653243029976;43.8709985189585;202;FALSE;"1";"0";"0.1"
-4.97653243029982;43.8709985189584;203;FALSE;"1";"0";"0.1"
-4.68133583994867;43.7686325823798;204;FALSE;"1";"0";"0.1"
-4.68133583994872;43.7686325823796;205;FALSE;"1";"0";"0.1"
-4.53056196353009;43.7574363465426;206;FALSE;"1";"0";"0.1"
-4.53056196353026;43.7574363465424;207;FALSE;"1";"0";"0.1"
-4.34347294605694;43.6197869777867;208;FALSE;"1";"0";"0.1"
-4.34347294605711;43.6197869777864;209;FALSE;"1";"0";"0.1"
-4.1831859742631;43.6162072245061;210;FALSE;"1";"0";"0.1"
-4.1831859742631;43.616207224506;211;FALSE;"1";"0";"0.1"
-4.12975710313416;43.6148732964956;212;FALSE;"1";"0";"0.1"
-4.1297571031342;43.6148732964958;213;FALSE;"1";"0";"0.1"
-3.94895443067389;43.6744717007284;214;FALSE;"1";"0";"0.1"
-3.94895443067392;43.6744717007285;215;FALSE;"1";"0";"0.1"
-3.82173387716983;43.73448609019;216;FALSE;"1";"0";"0.1"
-3.82173387717;43.7344860901895;217;FALSE;"1";"0";"0.1"
-3.7661154751202;43.7128382225528;218;FALSE;"1";"0";"0.1"
-3.7661154751205;43.7128382225518;219;FALSE;"1";"0";"0.1"
-3.69519549172717;43.6993927641488;220;FALSE;"1";"0";"0.1"
-3.69519549172729;43.6993927641482;221;FALSE;"1";"0";"0.1"
-3.64013876371808;43.6871008159762;222;FALSE;"1";"0";"0.1"
-3.64013876371808;43.6871008159763;223;FALSE;"1";"0";"0.1"
-3.40735806594821;43.6669145258324;224;FALSE;"1";"0";"0.1"
-3.40735806594806;43.6669145258324;225;FALSE;"1";"0";"0.1"
-3.14815527284667;43.8684214951613;226;FALSE;"1";"0";"0.1"
-3.14815527284654;43.8684214951613;227;FALSE;"1";"0";"0.1"
-3.07875276524538;43.8684697057306;228;FALSE;"1";"0";"0.1"
-3.07875276524507;43.8684697057303;229;FALSE;"1";"0";"0.1"
-2.80975551906317;44.0680235863545;230;FALSE;"1";"0";"0.1"
-2.80975551906296;44.0680235863542;231;FALSE;"1";"0";"0.1"
-2.58713270341632;44.2668395910683;232;FALSE;"1";"0";"0.1"
-2.58713270341627;44.2668395910683;233;FALSE;"1";"0";"0.1"
-2.48238356159071;44.466488672882;234;FALSE;"1";"0";"0.1"
-2.53594730526005;44.4621724307965;235;FALSE;"1";"0";"0.1"
-3.18268231058839;44.9428696617963;236;FALSE;"1";"0";"0.1"
-3.1607698699992;44.9282694083545;237;FALSE;"1";"0";"0.1"
-3.29789488743424;45.118846516124;238;FALSE;"1";"0";"0.1"
-3.31266777890394;45.1391330710545;239;FALSE;"1";"0";"0.1"
-3.47967183276266;45.2569849426744;240;FALSE;"1";"0";"0.1"
-3.47967183276255;45.2569849426746;241;FALSE;"1";"0";"0.1"
-3.65541510820815;45.4324114895895;242;FALSE;"1";"0";"0.1"
-3.65541510820634;45.4324114895913;243;FALSE;"1";"0";"0.1"
-3.81007096484621;45.5920809303229;244;FALSE;"1";"0";"0.1"
-3.81007096484436;45.5920809303246;245;FALSE;"1";"0";"0.1"
-3.8249529606691;45.5995590422285;246;FALSE;"1";"0";"0.1"
-3.82495296066895;45.5995590422286;247;FALSE;"1";"0";"0.1"
-3.99560551060349;45.7425837407007;248;FALSE;"1";"0";"0.1"
-4.02482209805587;45.7765563394022;249;FALSE;"1";"0";"0.1"
-4.20480992081388;45.9160029635122;250;FALSE;"1";"0";"0.1"
-4.20480992081368;45.9160029635127;251;FALSE;"1";"0";"0.1"
-4.29142345855891;45.9638821224942;252;FALSE;"1";"0";"0.1"
-4.35959549594781;46.0112490360341;253;FALSE;"1";"0";"0.1"
-4.61310770150433;46.1920462336813;254;FALSE;"1";"0";"0.1"
-4.61310770150439;46.192046233683;255;FALSE;"1";"0";"0.1"
-4.74424168042173;46.1604845078646;256;FALSE;"1";"0";"0.1"
-4.74424168042211;46.1604845078659;257;FALSE;"1";"0";"0.1"
-4.76554663690856;46.1501030954245;258;FALSE;"1";"0";"0.1"
-4.7655466369087;46.1501030954248;259;FALSE;"1";"0";"0.1"
-4.78610584171043;46.1441017599468;260;FALSE;"1";"0";"0.1"
-4.7861058417104;46.1441017599467;261;FALSE;"1";"0";"0.1"
-4.80696061808912;46.1373296846483;262;FALSE;"1";"0";"0.1"
-4.80696061808908;46.1373296846483;263;FALSE;"1";"0";"0.1"
-4.82575172111368;46.1387889181689;264;FALSE;"1";"0";"0.1"
-4.82575172111415;46.1387889181687;265;FALSE;"1";"0";"0.1"
-4.91594422573264;46.3337021526264;266;FALSE;"1";"0";"0.1"
-4.9159442257333;46.3337021526258;267;FALSE;"1";"0";"0.1"
-5.16404724881373;46.4392733157584;268;FALSE;"1";"0";"0.1"
-5.1640472488139;46.439273315758;269;FALSE;"1";"0";"0.1"
-5.31333080244077;46.5907846777171;270;FALSE;"1";"0";"0.1"
-5.31333080244076;46.5907846777171;271;FALSE;"1";"0";"0.1"
-5.43573980044407;46.7035348950082;272;FALSE;"1";"0";"0.1"
-5.46982581913852;46.7435919434923;273;FALSE;"1";"0";"0.1"
-5.62564761888459;46.8769006539364;274;FALSE;"1";"0";"0.1"
-5.68408079378936;46.8935410120804;275;FALSE;"1";"0";"0.1"
-5.88372747471401;47.0497081014387;276;FALSE;"1";"0";"0.1"
-5.82283799559927;47.0924221294546;277;FALSE;"1";"0";"0.1"
-5.92823224570232;47.3870679174464;278;FALSE;"1";"0";"0.1"
-5.9282322457019;47.3870679174456;279;FALSE;"1";"0";"0.1"
-5.90893388766725;47.398832830097;280;FALSE;"1";"0";"0.1"
-5.90893388766651;47.398832830096;281;FALSE;"1";"0";"0.1"
-5.86321489084501;47.4350172404822;282;FALSE;"1";"0";"0.1"
-5.86321489084438;47.4350172404814;283;FALSE;"1";"0";"0.1"
-5.81988817714651;47.4749903378474;284;FALSE;"1";"0";"0.1"
-5.81988817714601;47.4749903378469;285;FALSE;"1";"0";"0.1"
-5.80594344829871;47.4885558798551;286;FALSE;"1";"0";"0.1"
-5.80594344829796;47.4885558798544;287;FALSE;"1";"0";"0.1"
-5.79184219574415;47.5035726955814;288;FALSE;"1";"0";"0.1"
-5.79184219574402;47.5035726955813;289;FALSE;"1";"0";"0.1"
-5.7633125262218;47.5293356946933;290;FALSE;"1";"0";"0.1"
-5.7633125262219;47.5293356946934;291;FALSE;"1";"0";"0.1"
-5.73464179911288;47.5570291588261;292;FALSE;"1";"0";"0.1"
-5.73464179911278;47.557029158826;293;FALSE;"1";"0";"0.1"
-5.72049884091183;47.5711246068236;294;FALSE;"1";"0";"0.1"
-5.72049884091308;47.5711246068249;295;FALSE;"1";"0";"0.1"
-5.69047768120746;47.599837386992;296;FALSE;"1";"0";"0.1"
-5.69047768120937;47.5998373869939;297;FALSE;"1";"0";"0.1"
-5.67796898154903;47.6142682427499;298;FALSE;"1";"0";"0.1"
-5.67796898154957;47.6142682427504;299;FALSE;"1";"0";"0.1"
-5.66502166030057;47.6285062779446;300;FALSE;"1";"0";"0.1"
-5.66502166030043;47.6285062779444;301;FALSE;"1";"0";"0.1"
-5.63980803096178;47.6575310944687;302;FALSE;"1";"0";"0.1"
-5.63980803096174;47.6575310944686;303;FALSE;"1";"0";"0.1"
-5.62720770699211;47.6715300729967;304;FALSE;"1";"0";"0.1"
-5.62720770699255;47.6715300729971;305;FALSE;"1";"0";"0.1"
-5.61447623020886;47.6849035186355;306;FALSE;"1";"0";"0.1"
-5.6144762302097;47.6849035186363;307;FALSE;"1";"0";"0.1"
-5.58963266807153;47.7146940151169;308;FALSE;"1";"0";"0.1"
-5.58963266807223;47.7146940151175;309;FALSE;"1";"0";"0.1"
-5.57702203449435;47.7284380079283;310;FALSE;"1";"0";"0.1"
-5.57702203449466;47.7284380079286;311;FALSE;"1";"0";"0.1"
-5.55134879564627;47.7570388900176;312;FALSE;"1";"0";"0.1"
-5.55134879564634;47.7570388900176;313;FALSE;"1";"0";"0.1"
-5.53899830032116;47.7729487062848;314;FALSE;"1";"0";"0.1"
-5.53899830032208;47.772948706285;315;FALSE;"1";"0";"0.1"
-4.78080129838639;48.0243877094808;316;FALSE;"1";"0";"0.1"
-4.75401942655504;48.0113590836929;317;FALSE;"1";"0";"0.1"
-4.71993340786059;47.9983271654486;318;FALSE;"1";"0";"0.1"
-4.64689193922962;47.9901805445253;319;FALSE;"1";"0";"0.1"
-4.57628518621968;47.9901805445253;320;FALSE;"1";"0";"0.1"
-4.4642882676522;47.9722534509605;321;FALSE;"1";"0";"0.1"
-4.39368151464226;47.8776258108798;322;FALSE;"1";"0";"0.1"
-4.40585509274742;47.85312496818;323;FALSE;"1";"0";"0.1"
-4.37481246857926;47.7631894503631;324;FALSE;"1";"0";"0.1"
-4.05553665429025;47.7447415887742;325;FALSE;"1";"0";"0.1"
-4.05553665429044;47.744741588774;326;FALSE;"1";"0";"0.1"
-3.87816231649032;47.7533535496526;327;FALSE;"1";"0";"0.1"
-3.87816231649032;47.7533535496525;328;FALSE;"1";"0";"0.1"
-3.72887582645699;47.7552537572367;329;FALSE;"1";"0";"0.1"
-3.72887582645701;47.7552537572368;330;FALSE;"1";"0";"0.1"
-3.71876391863262;47.7576321895059;331;FALSE;"1";"0";"0.1"
-3.71876391863282;47.7576321895057;332;FALSE;"1";"0";"0.1"
-3.48232438993868;47.6114536904659;333;FALSE;"1";"0";"0.1"
-3.48232438993887;47.6114536904653;334;FALSE;"1";"0";"0.1"
-3.25681136916761;47.6037896072152;335;FALSE;"1";"0";"0.1"
-3.25681136916768;47.6037896072149;336;FALSE;"1";"0";"0.1"
-3.20379364833124;47.5336182869599;337;FALSE;"1";"0";"0.1"
-3.20379364833129;47.5336182869599;338;FALSE;"1";"0";"0.1"
-2.93052862145033;47.3262208838956;339;FALSE;"1";"0";"0.1"
-2.93052862145033;47.3262208838957;340;FALSE;"1";"0";"0.1"
-2.72938967010496;47.3363500081097;341;FALSE;"1";"0";"0.1"
-2.72938967010497;47.3363500081098;342;FALSE;"1";"0";"0.1"
-2.66869557018795;47.3654157158306;343;FALSE;"1";"0";"0.1"
-2.66869557018799;47.3654157158305;344;FALSE;"1";"0";"0.1"
-2.60223632238814;47.3500043462039;345;FALSE;"1";"0";"0.1"
-2.60223632238834;47.3500043462036;346;FALSE;"1";"0";"0.1"
-2.52111908860383;47.2707190119414;347;FALSE;"1";"0";"0.1"
-2.52111908860389;47.2707190119414;348;FALSE;"1";"0";"0.1"
-2.21903430423524;47.0938574729453;349;FALSE;"1";"0";"0.1"
-2.21903430423513;47.0938574729458;350;FALSE;"1";"0";"0.1"
-2.19375344602805;47.0934161384412;351;FALSE;"1";"0";"0.1"
-2.19375344602748;47.0934161384415;352;FALSE;"1";"0";"0.1"
-2.10082113716;46.6704654435554;353;FALSE;"1";"0";"0.1"
-2.10082113715929;46.6704654435558;354;FALSE;"1";"0";"0.1"
-1.93418257698749;46.5812418055373;355;FALSE;"1";"0";"0.1"
-1.93418257698735;46.5812418055376;356;FALSE;"1";"0";"0.1"
-1.92997806854801;46.5799197846393;357;FALSE;"1";"0";"0.1"
-1.92997806854795;46.5799197846394;358;FALSE;"1";"0";"0.1"
-1.75773213777988;46.4257272409586;359;FALSE;"1";"0";"0.1"
-1.75773213777989;46.4257272409587;360;FALSE;"1";"0";"0.1"
-1.75098932049511;46.4069961532966;361;FALSE;"1";"0";"0.1"
-1.75098932049511;46.4069961532966;362;FALSE;"1";"0";"0.1"
-1.62480117462332;46.2824542317317;363;FALSE;"1";"0";"0.1"
-1.59710628443407;46.2649899153721;364;FALSE;"1";"0";"0.1"
-1.5198040634663;46.1778204180253;365;FALSE;"1";"0";"0.1"
-1.40110977512697;46.1320259665015;366;FALSE;"1";"0";"0.1"
-1.39289260990619;46.1233393661898;367;FALSE;"1";"0";"0.1"
-1.33326157388323;46.0945610711782;368;FALSE;"1";"0";"0.1"
-1.42334605186134;46.0607629743891;369;FALSE;"1";"0";"0.1"
-1.42089374136186;45.8965684046457;370;FALSE;"1";"0";"0.1"
-1.39654658515154;45.8830111143071;371;FALSE;"1";"0";"0.1"
-1.38058580125276;45.8720993873342;372;FALSE;"1";"0";"0.1"
-1.36006082275282;45.6748584924388;373;FALSE;"1";"0";"0.1"
-1.3600608227525;45.6748584924389;374;FALSE;"1";"0";"0.1"
-1.24223690883468;45.4972590093505;375;FALSE;"1";"0";"0.1"
-1.24223690883445;45.4972590093507;376;FALSE;"1";"0";"0.1"
-1.23270531066071;45.2654309455857;377;FALSE;"1";"0";"0.1"
-1.23270531066071;45.2654309455857;378;FALSE;"1";"0";"0.1"
-1.24299816076899;45.0662605877643;379;FALSE;"1";"0";"0.1"
-1.242998160769;45.0662605877643;380;FALSE;"1";"0";"0.1"
-1.26375040834767;44.8663474577091;381;FALSE;"1";"0";"0.1"
-1.26375040834772;44.8663474577091;382;FALSE;"1";"0";"0.1"
-1.29147907697163;44.6650455005098;383;FALSE;"1";"0";"0.1"
-1.29147907697167;44.6650455005098;384;FALSE;"1";"0";"0.1"
-1.28350776501013;44.4724017303633;385;FALSE;"1";"0";"0.1"
-1.28350776501012;44.4724017303633;386;FALSE;"1";"0";"0.1"
-1.32648457789142;44.2709992546507;387;FALSE;"1";"0";"0.1"
-1.32648457789156;44.2709992546507;388;FALSE;"1";"0";"0.1"
-1.37612121837434;44.0698975922172;389;FALSE;"1";"0";"0.1"
-1.3761212183746;44.0698975922172;390;FALSE;"1";"0";"0.1"
-1.41274723130204;43.8678695565782;391;FALSE;"1";"0";"0.1"
-1.41274723130216;43.8678695565782;392;FALSE;"1";"0";"0.1"
-1.46047909347187;43.6634365889777;393;FALSE;"1";"0";"0.1"
-1.46047909347186;43.6634365889776;394;FALSE;"1";"0";"0.1"
-1.59908639861483;43.4658318749441;395;FALSE;"1";"0";"0.1"
-1.59908639861482;43.4658318749441;396;FALSE;"1";"0";"0.1"
-1.67598658554994;43.433459994753;397;FALSE;"1";"0";"0.1"
-1.67598658554994;43.433459994753;398;FALSE;"1";"0";"0.1"
-1.75289839522608;43.401036261928;399;FALSE;"1";"0";"0.1"
-1.75289839522609;43.401036261928;400;FALSE;"1";"0";"0.1"
-1.93245267512668;43.3407621315747;401;FALSE;"1";"0";"0.1"
-1.93245267512667;43.3407621315746;402;FALSE;"1";"0";"0.1"
-1.99758961935938;43.3377698408869;403;FALSE;"1";"0";"0.1"
-1.9975896193593;43.3377698408864;404;FALSE;"1";"0";"0.1"
-2.11671164145104;43.3079995982055;405;FALSE;"1";"0";"0.1"
-2.11671164145097;43.3079995982052;406;FALSE;"1";"0";"0.1"
-2.14876119046976;43.3121745157615;407;FALSE;"1";"0";"0.1"
-2.14876119046972;43.3121745157617;408;FALSE;"1";"0";"0.1"
-2.1697176599553;43.3159747288938;409;FALSE;"1";"0";"0.1"
-2.16971765995527;43.3159747288939;410;FALSE;"1";"0";"0.1"
-2.2997246373272;43.3111927238144;411;FALSE;"1";"0";"0.1"
-2.29972463732721;43.3111927238143;412;FALSE;"1";"0";"0.1"
-2.337756768964;43.3179322544131;413;FALSE;"1";"0";"0.1"
-2.33775676896399;43.3179322544131;414;FALSE;"1";"0";"0.1"
-2.36852336918372;43.3314159848196;415;FALSE;"1";"0";"0.1"
-2.3685233691837;43.3314159848196;416;FALSE;"1";"0";"0.1"
-2.41697989581841;43.3483089001769;417;FALSE;"1";"0";"0.1"
-2.41697989581842;43.3483089001769;418;FALSE;"1";"0";"0.1"
-2.48483278824999;43.3714017281221;419;FALSE;"1";"0";"0.1"
-2.48483278824995;43.3714017281222;420;FALSE;"1";"0";"0.1"
-2.54938019203703;43.3958492359061;421;FALSE;"1";"0";"0.1"
-2.54938019203698;43.3958492359062;422;FALSE;"1";"0";"0.1"
-2.66578560272186;43.4238380524797;423;FALSE;"1";"0";"0.1"
-2.66578560272186;43.4238380524797;424;FALSE;"1";"0";"0.1"
-2.85016728848028;43.4410421274849;425;FALSE;"1";"0";"0.1"
-2.85016728848027;43.4410421274847;426;FALSE;"1";"0";"0.1"
-3.03419143707359;43.3892009529482;427;FALSE;"1";"0";"0.1"
-3.03419143707356;43.3892009529481;428;FALSE;"1";"0";"0.1"
-3.14555510098014;43.3728185583098;429;FALSE;"1";"0";"0.1"
-3.14555510098033;43.3728185583093;430;FALSE;"1";"0";"0.1"
-3.21657343068219;43.3994865751699;431;FALSE;"1";"0";"0.1"
-3.21657343068251;43.3994865751688;432;FALSE;"1";"0";"0.1"
-3.29101481994562;43.4170125677685;433;FALSE;"1";"0";"0.1"
-3.29101481994574;43.417012567768;434;FALSE;"1";"0";"0.1"
-3.40008307835066;43.4313839473648;435;FALSE;"1";"0";"0.1"
-3.40008307835068;43.4313839473648;436;FALSE;"1";"0";"0.1"
-3.69687241409646;43.5000365394981;437;FALSE;"1";"0";"0.1"
-3.69687241409649;43.500036539498;438;FALSE;"1";"0";"0.1"
-3.76747936803704;43.4970656434004;439;FALSE;"1";"0";"0.1"
-3.76747936803703;43.4970656434003;440;FALSE;"1";"0";"0.1"
-3.94866486887994;43.4748396446671;441;FALSE;"1";"0";"0.1"
-3.94866486887999;43.4748396446674;442;FALSE;"1";"0";"0.1"
-4.06805433141447;43.4552629929354;443;FALSE;"1";"0";"0.1"
-4.06805433141455;43.4552629929358;444;FALSE;"1";"0";"0.1"
-4.1324891412216;43.4236792780418;445;FALSE;"1";"0";"0.1"
-4.13248914122162;43.4236792780418;446;FALSE;"1";"0";"0.1"
-4.17455931372275;43.4172103147652;447;FALSE;"1";"0";"0.1"
-4.17455931372275;43.4172103147652;448;FALSE;"1";"0";"0.1"
-4.25005156729571;43.412301661267;449;FALSE;"1";"0";"0.1"
-4.25005156729571;43.412301661267;450;FALSE;"1";"0";"0.1"
-4.31738443190726;43.4127480743237;451;FALSE;"1";"0";"0.1"
-4.31738443190726;43.4127480743237;452;FALSE;"1";"0";"0.1"
-4.37790148806231;43.4142467490599;453;FALSE;"1";"0";"0.1"
-4.37790148806232;43.4142467490597;454;FALSE;"1";"0";"0.1"
-4.4372074269852;43.4179295782727;455;FALSE;"1";"0";"0.1"
-4.43720742698521;43.4179295782725;456;FALSE;"1";"0";"0.1"
-4.50027200658765;43.4131315726223;457;FALSE;"1";"0";"0.1"
-4.50027200658765;43.4131315726224;458;FALSE;"1";"0";"0.1"
-4.56650602642047;43.4173498034559;459;FALSE;"1";"0";"0.1"
-4.56650602642046;43.417349803456;460;FALSE;"1";"0";"0.1"
-4.61022395017713;43.4205798293404;461;FALSE;"1";"0";"0.1"
-4.61022395017713;43.4205798293404;462;FALSE;"1";"0";"0.1"
-4.68277449320541;43.4180737917603;463;FALSE;"1";"0";"0.1"
-4.68277449320532;43.4180737917605;464;FALSE;"1";"0";"0.1"
-4.73230484013093;43.4377258475185;465;FALSE;"1";"0";"0.1"
-4.7323048401308;43.4377258475189;466;FALSE;"1";"0";"0.1"
-4.80240211764838;43.4501116070588;467;FALSE;"1";"0";"0.1"
-4.80240211764832;43.4501116070591;468;FALSE;"1";"0";"0.1"
-4.86739143884645;43.463071168479;469;FALSE;"1";"0";"0.1"
-4.86739143884641;43.4630711684792;470;FALSE;"1";"0";"0.1"
-4.93496341611305;43.4732015094371;471;FALSE;"1";"0";"0.1"
-4.93496341611304;43.4732015094372;472;FALSE;"1";"0";"0.1"
-5.04988596446787;43.4864619493255;473;FALSE;"1";"0";"0.1"
-5.04988596446786;43.4864619493256;474;FALSE;"1";"0";"0.1"
-5.09888043886253;43.5002266733249;475;FALSE;"1";"0";"0.1"
-5.09888043886252;43.5002266733249;476;FALSE;"1";"0";"0.1"
-5.16440380906104;43.5072227881997;477;FALSE;"1";"0";"0.1"
-5.16440380906105;43.5072227881996;478;FALSE;"1";"0";"0.1"
-5.23188960295808;43.5158671969528;479;FALSE;"1";"0";"0.1"
-5.23188960295802;43.5158671969529;480;FALSE;"1";"0";"0.1"
-5.42127297597696;43.5611636023935;481;FALSE;"1";"0";"0.1"
-5.4212729759769;43.5611636023938;482;FALSE;"1";"0";"0.1"
-5.48519762036048;43.5669361630818;483;FALSE;"1";"0";"0.1"
-5.48519762036049;43.5669361630818;484;FALSE;"1";"0";"0.1"
-5.52538456660399;43.5640322335184;485;FALSE;"1";"0";"0.1"
-5.525384566604;43.5640322335184;486;FALSE;"1";"0";"0.1"
-5.59983634833153;43.5651740852623;487;FALSE;"1";"0";"0.1"
-5.59983634833155;43.5651740852622;488;FALSE;"1";"0";"0.1"
-5.71172495212606;43.6116432843054;489;FALSE;"1";"0";"0.1"
-5.71172495212608;43.6116432843053;490;FALSE;"1";"0";"0.1"
-5.96673479291766;43.603468905207;491;FALSE;"1";"0";"0.1"
-5.96673479291765;43.6034689052069;492;FALSE;"1";"0";"0.1"
-6.07416593593589;43.5823873777821;493;FALSE;"1";"0";"0.1"
-6.07416593593588;43.5823873777821;494;FALSE;"1";"0";"0.1"
-6.14696730407375;43.5828770141215;495;FALSE;"1";"0";"0.1"
-6.14696730407375;43.5828770141215;496;FALSE;"1";"0";"0.1"
-6.33432203274023;43.5745634137958;497;FALSE;"1";"0";"0.1"
-6.33432203274023;43.5745634137958;498;FALSE;"1";"0";"0.1"
-6.37688138868093;43.5726958016877;499;FALSE;"1";"0";"0.1"
-6.37688138868093;43.5726958016876;500;FALSE;"1";"0";"0.1"
-6.51670156737023;43.5638918448045;501;FALSE;"1";"0";"0.1"
-6.51670156737031;43.5638918448027;502;FALSE;"1";"0";"0.1"
-6.69899973525849;43.5714453224141;503;FALSE;"1";"0";"0.1"
-6.69899973525856;43.5714453224123;504;FALSE;"1";"0";"0.1"
-6.70034568875392;43.5713266500252;505;FALSE;"1";"0";"0.1"
-6.70034568875391;43.5713266500252;506;FALSE;"1";"0";"0.1"
-6.71685226101956;43.5749896306864;507;FALSE;"1";"0";"0.1"
-6.71685226101951;43.574989630687;508;FALSE;"1";"0";"0.1"
-6.81119972216122;43.5805139341775;509;FALSE;"1";"0";"0.1"
-6.81119972216119;43.5805139341781;510;FALSE;"1";"0";"0.1"
-6.87717505363797;43.5800837307626;511;FALSE;"1";"0";"0.1"
-6.87717505363797;43.5800837307626;512;FALSE;"1";"0";"0.1"
-6.99414468687647;43.5762981722816;513;FALSE;"1";"0";"0.1"
-6.99414468687646;43.5762981722815;514;FALSE;"1";"0";"0.1"
-7.06823524338234;43.5651152901443;515;FALSE;"1";"0";"0.1"
-7.06823524338232;43.5651152901442;516;FALSE;"1";"0";"0.1"
-7.18095148458022;43.5785102987639;517;FALSE;"1";"0";"0.1"
-7.18095148458022;43.5785102987639;518;FALSE;"1";"0";"0.1"
-7.2434875122145;43.5850254705561;519;FALSE;"1";"0";"0.1"
-7.2434875122145;43.5850254705561;520;FALSE;"1";"0";"0.1"
-7.2496819016094;43.5859728194164;521;FALSE;"1";"0";"0.1"
-7.2496819016096;43.5859728194161;522;FALSE;"1";"0";"0.1"
-7.42958728907439;43.7099584093681;523;FALSE;"1";"0";"0.1"
-7.4295872890746;43.7099584093677;524;FALSE;"1";"0";"0.1"
-7.61262600136253;43.7263927926993;525;FALSE;"1";"0";"0.1"
-7.61262600136262;43.726392792699;526;FALSE;"1";"0";"0.1"
-7.61641433121632;43.7278517445913;527;FALSE;"1";"0";"0.1"
-7.61641433121665;43.7278517445889;528;FALSE;"1";"0";"0.1"
-7.80377990930732;43.7491766528283;529;FALSE;"1";"0";"0.1"
-7.80377990930757;43.7491766528261;530;FALSE;"1";"0";"0.1"
-7.84727439325726;43.7497640923313;531;FALSE;"1";"0";"0.1"
-7.84727439325722;43.7497640923311;532;FALSE;"1";"0";"0.1"
-8.01539836356203;43.7201203539119;533;FALSE;"1";"0";"0.1"
-8.0153983635619;43.7201203539116;534;FALSE;"1";"0";"0.1"
-8.10937430368435;43.6589903743789;535;FALSE;"1";"0";"0.1"
-8.10937430368439;43.6589903743791;536;FALSE;"1";"0";"0.1"
-8.16246130940019;43.6374289334005;537;FALSE;"1";"0";"0.1"
-8.16246130940129;43.6374289334016;538;FALSE;"1";"0";"0.1"
-8.33244413923616;43.4159849562247;539;FALSE;"1";"0";"0.1"
-8.33244413923715;43.4159849562256;540;FALSE;"1";"0";"0.1"
-8.34066231454094;43.4148404414231;541;FALSE;"1";"0";"0.1"
-8.34066231454121;43.4148404414241;542;FALSE;"1";"0";"0.1"
-8.50047294915726;43.3671073054218;543;FALSE;"1";"0";"0.1"
-8.50047294915752;43.3671073054229;544;FALSE;"1";"0";"0.1"
-8.53306354865417;43.3648681354402;545;FALSE;"1";"0";"0.1"
-8.53306354865444;43.3648681354414;546;FALSE;"1";"0";"0.1"
-8.63190027227016;43.3398258906694;547;FALSE;"1";"0";"0.1"
-8.63190027227041;43.3398258906702;548;FALSE;"1";"0";"0.1"
-8.78330463890538;43.338719206471;549;FALSE;"1";"0";"0.1"
-8.78330463890537;43.3387192064709;550;FALSE;"1";"0";"0.1"
-9.0256396602903;43.2243208894545;551;FALSE;"1";"0";"0.1"
-9.02563966029033;43.2243208894545;552;FALSE;"1";"0";"0.1"
-9.3197198948958;42.9814130889403;553;FALSE;"1";"0";"0.1"
-9.23450484815967;42.8521421659609;554;FALSE;"1";"0";"0.1"
-9.0945086999503;42.7217057658822;555;FALSE;"1";"0";"0.1"
-9.07746569060308;42.6823422742129;556;FALSE;"1";"0";"0.1"
-9.08842191089772;42.6223544804783;557;FALSE;"1";"0";"0.1"
-9.03607552504553;42.4965957219505;558;FALSE;"1";"0";"0.1"
-8.89719829393357;42.5994428227176;559;FALSE;"1";"0";"0.1"
-8.89719829393366;42.5994428227175;560;FALSE;"1";"0";"0.1"
-8.76071208034511;42.37120348689;561;FALSE;"1";"0";"0.1"
-8.7607120803451;42.37120348689;562;FALSE;"1";"0";"0.1"
-8.74713754796412;42.2461487865488;563;FALSE;"1";"0";"0.1"
-8.74713754796397;42.2461487865487;564;FALSE;"1";"0";"0.1"
-8.83065254602223;42.1665604736176;565;FALSE;"1";"0";"0.1"
-8.83065254602153;42.1665604736172;566;FALSE;"1";"0";"0.1"
-8.90610988157675;41.9823063063562;567;FALSE;"1";"0";"0.1"
-8.90610988157644;41.982306306356;568;FALSE;"1";"0";"0.1"
-8.89887047566349;41.8753768565233;569;FALSE;"1";"0";"0.1"
-8.89887047566358;41.8753768565233;570;FALSE;"1";"0";"0.1"
-8.89720516966372;41.8613383868224;571;FALSE;"1";"0";"0.1"
-8.8972051696636;41.8613383868225;572;FALSE;"1";"0";"0.1"
-8.90038731593322;41.7231071289317;573;FALSE;"1";"0";"0.1"
-8.90038731593321;41.7231071289318;574;FALSE;"1";"0";"0.1"
-8.85228989647544;41.5915456081471;575;FALSE;"1";"0";"0.1"
-8.85228989647536;41.5915456081471;576;FALSE;"1";"0";"0.1"
-8.79882002262313;41.4591880547285;577;FALSE;"1";"0";"0.1"
-8.79882002262314;41.4591880547285;578;FALSE;"1";"0";"0.1"
-8.76294851031803;41.3282970297595;579;FALSE;"1";"0";"0.1"
-8.7629485103182;41.3282970297595;580;FALSE;"1";"0";"0.1"
-8.76290699139246;41.3263900966179;581;FALSE;"1";"0";"0.1"
-8.76290699139337;41.3263900966177;582;FALSE;"1";"0";"0.1"
-8.7314090141851;41.1893971126584;583;FALSE;"1";"0";"0.1"
-8.73140901418575;41.1893971126582;584;FALSE;"1";"0";"0.1"
-8.68276389407953;41.0584735512226;585;FALSE;"1";"0";"0.1"
-8.68276389407942;41.0584735512226;586;FALSE;"1";"0";"0.1"
-8.68463561539647;40.9229374990371;587;FALSE;"1";"0";"0.1"
-8.68463561539652;40.9229374990371;588;FALSE;"1";"0";"0.1"
-8.73497337443486;40.7885867449378;589;FALSE;"1";"0";"0.1"
-8.73497337443487;40.7885867449378;590;FALSE;"1";"0";"0.1"
-8.77613275160744;40.6555728863336;591;FALSE;"1";"0";"0.1"
-8.77613275160735;40.6555728863336;592;FALSE;"1";"0";"0.1"
-8.80757288827439;40.5206073819307;593;FALSE;"1";"0";"0.1"
-8.80757288827426;40.5206073819306;594;FALSE;"1";"0";"0.1"
-8.85571993402591;40.3838263955489;595;FALSE;"1";"0";"0.1"
-8.85571993402807;40.3838263955492;596;FALSE;"1";"0";"0.1"
-8.90054889574827;40.1161034659339;597;FALSE;"1";"0";"0.1"
-8.90054889575061;40.1161034659343;598;FALSE;"1";"0";"0.1"
-8.89983958487073;40.1116430710899;599;FALSE;"1";"0";"0.1"
-8.89983958487079;40.1116430710899;600;FALSE;"1";"0";"0.1"
-8.95801735423753;39.9769058517194;601;FALSE;"1";"0";"0.1"
-8.95801735423752;39.9769058517194;602;FALSE;"1";"0";"0.1"
-9.02415321564083;39.8404404355961;603;FALSE;"1";"0";"0.1"
-9.02415321564068;39.8404404355961;604;FALSE;"1";"0";"0.1"
-9.07389749227403;39.707784962603;605;FALSE;"1";"0";"0.1"
-9.07389749227372;39.7077849626029;606;FALSE;"1";"0";"0.1"
-9.10989588418542;39.5719908221569;607;FALSE;"1";"0";"0.1"
-9.10989588418523;39.5719908221568;608;FALSE;"1";"0";"0.1"
-9.11282348887307;39.5683764439545;609;FALSE;"1";"0";"0.1"
-9.11282348887303;39.5683764439544;610;FALSE;"1";"0";"0.1"
-9.24648368365354;39.4441014859458;611;FALSE;"1";"0";"0.1"
-9.24648368365361;39.4441014859458;612;FALSE;"1";"0";"0.1"
-9.37282376136433;39.1803792427193;613;FALSE;"1";"0";"0.1"
-9.37282376136446;39.1803792427193;614;FALSE;"1";"0";"0.1"
-9.43571181597172;39.0445752554619;615;FALSE;"1";"0";"0.1"
-9.43571181597195;39.0445752554619;616;FALSE;"1";"0";"0.1"
-9.45020083467255;38.9118177276289;617;FALSE;"1";"0";"0.1"
-9.45020083467256;38.911817727629;618;FALSE;"1";"0";"0.1"
-9.25351022495313;38.6120652470215;619;FALSE;"1";"0";"0.1"
-9.25351022495297;38.6120652470216;620;FALSE;"1";"0";"0.1"
-8.87583876792189;38.4218926036568;621;FALSE;"1";"0";"0.1"
-8.87583876792185;38.4218926036569;622;FALSE;"1";"0";"0.1"
-8.82349834726136;38.3821907739504;623;FALSE;"1";"0";"0.1"
-8.82349834726134;38.3821907739505;624;FALSE;"1";"0";"0.1"
-8.78597398352227;38.251685192002;625;FALSE;"1";"0";"0.1"
-8.78597398352226;38.2516851920019;626;FALSE;"1";"0";"0.1"
-8.79918298055089;38.1584939639641;627;FALSE;"1";"0";"0.1"
-8.79918298055081;38.158493963964;628;FALSE;"1";"0";"0.1"
-8.83235531424694;38.0534266343591;629;FALSE;"1";"0";"0.1"
-8.83235531424692;38.0534266343591;630;FALSE;"1";"0";"0.1"
-8.80873670253579;37.8511699933989;631;FALSE;"1";"0";"0.1"
-8.80873670253579;37.8511699933988;632;FALSE;"1";"0";"0.1"
-8.81808494044447;37.7578086034175;633;FALSE;"1";"0";"0.1"
-8.81808494044443;37.7578086034175;634;FALSE;"1";"0";"0.1"
-8.82114087850449;37.6556873593872;635;FALSE;"1";"0";"0.1"
-8.82114087851006;37.6556873593867;636;FALSE;"1";"0";"0.1"
-8.81112275901031;37.5525030609607;637;FALSE;"1";"0";"0.1"
-8.81112275901605;37.5525030609601;638;FALSE;"1";"0";"0.1"
-8.81049485696421;37.5495781307573;639;FALSE;"1";"0";"0.1"
-8.8104948569645;37.5495781307573;640;FALSE;"1";"0";"0.1"
-8.81243835914593;37.4576298557057;641;FALSE;"1";"0";"0.1"
-8.81243835914581;37.4576298557059;642;FALSE;"1";"0";"0.1"
-9.0032068641616;36.9882750575482;643;FALSE;"1";"0";"0.1"
-8.53139945094968;37.1023176269346;644;FALSE;"1";"0";"0.1"
-8.53139945094948;37.1023176269346;645;FALSE;"1";"0";"0.1"
-8.41622655930334;37.0769013675192;646;FALSE;"1";"0";"0.1"
-8.4162265593034;37.0769013675189;647;FALSE;"1";"0";"0.1"
-8.30496985056707;37.061945400809;648;FALSE;"1";"0";"0.1"
-8.30496985056708;37.0619454008089;649;FALSE;"1";"0";"0.1"
-8.1860392392106;37.0578418054213;650;FALSE;"1";"0";"0.1"
-8.18603923921777;37.0578418054026;651;FALSE;"1";"0";"0.1"
-8.07545615821667;37.0153109530667;652;FALSE;"1";"0";"0.1"
-8.07545615822387;37.0153109530479;653;FALSE;"1";"0";"0.1"
-8.07468238470188;37.0151418270902;654;FALSE;"1";"0";"0.1"
-8.07468238470189;37.0151418270901;655;FALSE;"1";"0";"0.1"
-8.07232161559306;37.0140063015507;656;FALSE;"1";"0";"0.1"
-8.07232161559305;37.0140063015509;657;FALSE;"1";"0";"0.1"
-7.71644641016962;37.023466786089;658;FALSE;"1";"0";"0.1"
-7.71644641016959;37.0234667860891;659;FALSE;"1";"0";"0.1"
-7.69134550691123;37.0395898363842;660;FALSE;"1";"0";"0.1"
-7.69134550691123;37.0395898363842;661;FALSE;"1";"0";"0.1"
-7.57516137065218;37.1102236495252;662;FALSE;"1";"0";"0.1"
-7.5751613706522;37.1102236495253;663;FALSE;"1";"0";"0.1"
-7.57143535364005;37.1119029319094;664;FALSE;"1";"0";"0.1"
-7.57143535364004;37.1119029319094;665;FALSE;"1";"0";"0.1"
-7.41395134554123;37.1249625050918;666;FALSE;"1";"0";"0.1"
-7.41395134554141;37.1249625050929;667;FALSE;"1";"0";"0.1"
-7.23105988453805;37.1579831229671;668;FALSE;"1";"0";"0.1"
-7.23105988453824;37.1579831229682;669;FALSE;"1";"0";"0.1"
-7.22616130404022;37.1599030310858;670;FALSE;"1";"0";"0.1"
-7.22616130404018;37.1599030310859;671;FALSE;"1";"0";"0.1"
-7.12159249180078;37.1214748939187;672;FALSE;"1";"0";"0.1"
-7.12159249180073;37.1214748939187;673;FALSE;"1";"0";"0.1"
-7.00728731772601;37.1189708482423;674;FALSE;"1";"0";"0.1"
-7.00728731772595;37.1189708482424;675;FALSE;"1";"0";"0.1"
-6.91607142961317;37.0903681499667;676;FALSE;"1";"0";"0.1"
-6.91607142961312;37.0903681499667;677;FALSE;"1";"0";"0.1"
-6.7783692874424;37.0781091668805;678;FALSE;"1";"0";"0.1"
-6.77836928744242;37.0781091668803;679;FALSE;"1";"0";"0.1"
-6.57016934764113;36.9417179684806;680;FALSE;"1";"0";"0.1"
-6.57016934764094;36.9417179684807;681;FALSE;"1";"0";"0.1"
-6.57016965523763;36.9403549420825;682;FALSE;"1";"0";"0.1"
-6.57016965523209;36.9403549420841;683;FALSE;"1";"0";"0.1"
-6.49434144095985;36.6952482619148;684;FALSE;"1";"0";"0.1"
-6.49434144095461;36.6952482619163;685;FALSE;"1";"0";"0.1"
-6.38389566941945;36.5792900293001;686;FALSE;"1";"0";"0.1"
-6.38389566941946;36.5792900293001;687;FALSE;"1";"0";"0.1"
-6.38057976513873;36.57605828;688;FALSE;"1";"0";"0.1"
-6.38057976513858;36.5760582800001;689;FALSE;"1";"0";"0.1"
-6.3210546534259;36.4516012981302;690;FALSE;"1";"0";"0.1"
-6.32105465342606;36.4516012981301;691;FALSE;"1";"0";"0.1"
-6.23948121554044;36.3205476848233;692;FALSE;"1";"0";"0.1"
-6.23948121554553;36.3205476848171;693;FALSE;"1";"0";"0.1"
-6.12726669795795;36.2295607784428;694;FALSE;"1";"0";"0.1"
-6.12726669796291;36.2295607784366;695;FALSE;"1";"0";"0.1"
-6.12325861851181;36.2272997603749;696;FALSE;"1";"0";"0.1"
-6.12325861851184;36.2272997603749;697;FALSE;"1";"0";"0.1"
-6.00336327978028;36.155235720527;698;FALSE;"1";"0";"0.1"
-6.0033632797802;36.1552357205271;699;FALSE;"1";"0";"0.1"
-5.99993901125894;36.1518664851309;700;FALSE;"1";"0";"0.1"
-5.99993901125891;36.151866485131;701;FALSE;"1";"0";"0.1"
-6.04085994630978;36.1328788704956;702;FALSE;"1";"0";"0.1"
-6.04085994630975;36.1328788704955;703;FALSE;"1";"0";"0.1"
-6.06001863798437;36.1263321467248;704;FALSE;"1";"0";"0.1"
-6.06001863798438;36.1263321467248;705;FALSE;"1";"0";"0.1"
-6.09913470353537;36.1145873666153;706;FALSE;"1";"0";"0.1"
-6.09913470353538;36.1145873666154;707;FALSE;"1";"0";"0.1"
-6.14014555859064;36.0998875462702;708;FALSE;"1";"0";"0.1"
-6.14014555859055;36.09988754627;709;FALSE;"1";"0";"0.1"
-6.2098948744865;36.0690189380908;710;FALSE;"1";"0";"0.1"
-6.20989487448639;36.0690189380905;711;FALSE;"1";"0";"0.1"
-6.26984509256607;36.0508258068805;712;FALSE;"1";"0";"0.1"
-6.26984509256573;36.0508258068796;713;FALSE;"1";"0";"0.1"
-6.28992793555923;36.0429373314901;714;FALSE;"1";"0";"0.1"
-6.28992793555809;36.0429373314876;715;FALSE;"1";"0";"0.1"
-6.33998131596157;36.0183789500108;716;FALSE;"1";"0";"0.1"
-6.33998131596092;36.0183789500098;717;FALSE;"1";"0";"0.1"
-6.38608634973224;36.005218637245;718;FALSE;"1";"0";"0.1"
-6.38608634973251;36.0052186372459;719;FALSE;"1";"0";"0.1"
-6.39982873697915;36.0000104122774;720;FALSE;"1";"0";"0.1"
-6.39982873697927;36.0000104122778;721;FALSE;"1";"0";"0.1"
-6.40383692447158;35.9986475811814;722;FALSE;"1";"0";"0.1"
-6.40383692447161;35.9986475811815;723;FALSE;"1";"0";"0.1"
-6.43478243721357;35.9940951574194;724;FALSE;"1";"0";"0.1"
-6.43478243721357;35.9940951574194;725;FALSE;"1";"0";"0.1"
-6.48193251387592;36.0335595370617;726;FALSE;"1";"0";"0.1"
-6.48193251387592;36.0335595370617;727;FALSE;"1";"0";"0.1"
-6.57767419204334;36.1457502752576;728;FALSE;"1";"0";"0.1"
-6.57767419204346;36.1457502752575;729;FALSE;"1";"0";"0.1"
-6.61874585976052;36.2810360608192;730;FALSE;"1";"0";"0.1"
-6.61874585976068;36.2810360608192;731;FALSE;"1";"0";"0.1"
-6.73460257552145;36.4343079031776;732;FALSE;"1";"0";"0.1"
-6.73460257552151;36.4343079031776;733;FALSE;"1";"0";"0.1"
-6.82381120673472;36.5532613170687;734;FALSE;"1";"0";"0.1"
-6.82381120673466;36.5532613170688;735;FALSE;"1";"0";"0.1"
-6.91851506876274;36.6507592941886;736;FALSE;"1";"0";"0.1"
-6.91851506876267;36.6507592941887;737;FALSE;"1";"0";"0.1"
-6.99101138751971;36.7283633914963;738;FALSE;"1";"0";"0.1"
-6.99101138752059;36.7283633914949;739;FALSE;"1";"0";"0.1"
-7.11899050632645;36.8121632969202;740;FALSE;"1";"0";"0.1"
-7.11899050632736;36.8121632969188;741;FALSE;"1";"0";"0.1"
-7.1251706943999;36.8146252568767;742;FALSE;"1";"0";"0.1"
-7.12517069439998;36.8146252568765;743;FALSE;"1";"0";"0.1"
-7.23136790944811;36.8486434154046;744;FALSE;"1";"0";"0.1"
-7.23136790944814;36.8486434154046;745;FALSE;"1";"0";"0.1"
-7.41476525672827;36.8760218203706;746;FALSE;"1";"0";"0.1"
-7.41476525672827;36.8760218203707;747;FALSE;"1";"0";"0.1"
-7.71719096598074;36.8822768954479;748;FALSE;"1";"0";"0.1"
-7.71719096598073;36.882276895448;749;FALSE;"1";"0";"0.1"
